basis,key,attempts,failed_attempts,ok_attempts,mismatch_cells,first_bad_attempts,first_bad_cells,missing_black_cells,frontier_black_collision_cells,top_phase,phase_support
bad_kind,missing_black,737,737,0,2274,367,367,2274,0,0,17
bad_kind,frontier_black_collision,582,582,0,3532,419,419,0,3532,0,16
offset_bucket,45_77_mid_gate,675,675,0,2797,598,598,1157,1640,0,16
offset_bucket,78_97_late_body,492,492,0,867,29,29,525,342,0,17
offset_bucket,98_99_deep_gate,309,309,0,415,50,50,415,0,0,2
offset_bucket,104_207_period2,307,307,0,1407,6,6,20,1387,0,16
offset_bucket,100_103_tail,154,154,0,217,14,14,139,78,102,7
offset_bucket,00_44_early,77,77,0,91,77,77,18,73,0,11
offset_bucket,208_plus,12,12,0,12,12,12,0,12,0,5
offset,77,300,300,0,300,56,56,282,18,0,8
offset,99,290,290,0,290,26,26,290,0,0,2
offset,71,222,222,0,222,58,58,83,139,0,4
offset,76,196,196,0,196,32,32,116,80,0,8
offset,45,179,179,0,179,137,137,47,132,0,8
offset,80,165,165,0,165,2,2,164,1,0,4
offset,61,157,157,0,157,20,20,6,151,103,5
offset,46,134,134,0,134,78,78,30,104,103,9
offset,50,132,132,0,132,6,6,116,16,0,9
offset,98,125,125,0,125,24,24,125,0,0,1
offset,70,124,124,0,124,21,21,22,102,0,3
offset,47,120,120,0,120,45,45,31,89,103,7
offset,81,115,115,0,115,2,2,112,3,103,4
offset,89,115,115,0,115,7,7,4,111,0,3
offset,62,108,108,0,108,6,6,0,108,103,3
offset,75,107,107,0,107,8,8,19,88,0,7
offset,72,104,104,0,104,10,10,8,96,0,5
offset,78,104,104,0,104,3,3,99,5,103,7
offset,60,94,94,0,94,0,0,5,89,0,5
offset,73,91,91,0,91,9,9,17,74,103,6
offset,51,86,86,0,86,3,3,74,12,103,8
offset,193,85,85,0,85,0,0,0,85,0,2
offset,175,83,83,0,83,0,0,0,83,0,2
offset,100,79,79,0,79,9,9,63,16,103,3
offset,74,78,78,0,78,17,17,45,33,24,7
offset,176,61,61,0,61,0,0,0,61,0,3
offset,68,59,59,0,59,14,14,55,4,30,5
offset,179,58,58,0,58,0,0,0,58,0,4
offset,174,56,56,0,56,0,0,0,56,0,1
offset,101,54,54,0,54,0,0,34,20,102,4
offset,166,53,53,0,53,0,0,0,53,0,5
offset,48,52,52,0,52,3,3,2,50,103,5
offset,56,52,52,0,52,7,7,19,33,0,7
offset,165,52,52,0,52,1,1,0,52,0,5
offset,90,49,49,0,49,0,0,3,46,103,2
offset,103,46,46,0,46,2,2,28,18,30,3
offset,69,44,44,0,44,3,3,35,9,30,2
offset,149,44,44,0,44,0,0,0,44,0,5
offset,88,43,43,0,43,0,0,0,43,31,2
offset,49,41,41,0,41,13,13,20,21,31,7
offset,87,40,40,0,40,2,2,2,38,30,3
offset,52,39,39,0,39,10,10,37,2,102,5
offset,82,39,39,0,39,6,6,39,0,102,4
offset,102,38,38,0,38,3,3,14,24,31,4
offset,160,38,38,0,38,1,1,0,38,0,2
offset,57,37,37,0,37,2,2,4,33,0,5
offset,55,36,36,0,36,5,5,12,24,0,6
offset,79,36,36,0,36,3,3,30,6,102,5
offset,161,36,36,0,36,0,0,0,36,0,3
offset,164,36,36,0,36,1,1,0,36,0,4
offset,63,35,35,0,35,3,3,0,35,103,5
offset,194,35,35,0,35,0,0,0,35,103,1
offset,44,34,34,0,34,26,26,18,16,0,5
offset,150,34,34,0,34,1,1,0,34,0,4
offset,151,34,34,0,34,0,0,0,34,0,5
offset,159,31,31,0,31,0,0,0,31,0,2
offset,86,30,30,0,30,1,1,16,14,30,2
offset,64,29,29,0,29,1,1,10,19,102,5
offset,67,28,28,0,28,13,13,25,3,31,3
offset,91,28,28,0,28,0,0,3,25,102,3
offset,65,26,26,0,26,1,1,0,26,24,4
offset,177,26,26,0,26,0,0,0,26,103,4
offset,180,26,26,0,26,0,0,0,26,103,4
offset,59,24,24,0,24,6,6,3,21,102,7
offset,134,24,24,0,24,1,1,0,24,102,7
offset,53,23,23,0,23,7,7,23,0,24,2
offset,85,23,23,0,23,0,0,22,1,31,3
offset,120,23,23,0,23,0,0,0,23,102,6
offset,43,22,22,0,22,22,22,0,22,0,1
offset,40,21,21,0,21,21,21,0,21,30,5
offset,136,21,21,0,21,0,0,0,21,0,4
offset,131,20,20,0,20,0,0,0,20,0,2
offset,192,19,19,0,19,0,0,0,19,30,2
offset,54,18,18,0,18,2,2,11,7,100,4
offset,84,18,18,0,18,1,1,13,5,100,4
offset,119,18,18,0,18,0,0,0,18,103,5
offset,132,18,18,0,18,0,0,0,18,0,2
offset,135,18,18,0,18,0,0,0,18,102,5
offset,152,18,18,0,18,0,0,0,18,102,4
offset,118,17,17,0,17,0,0,0,17,0,4
offset,133,17,17,0,17,0,0,0,17,0,6
offset,58,16,16,0,16,2,2,0,16,102,4
offset,94,16,16,0,16,0,0,5,11,99,4
offset,162,16,16,0,16,0,0,0,16,102,4
offset,167,16,16,0,16,0,0,0,16,103,4
offset,206,15,15,0,15,0,0,0,15,30,3
offset,142,14,14,0,14,0,0,0,14,0,3
offset,144,14,14,0,14,0,0,0,14,102,5
offset,92,13,13,0,13,0,0,4,9,26,4
offset,104,13,13,0,13,0,0,13,0,99,2
offset,163,13,13,0,13,0,0,0,13,102,5
offset,169,13,13,0,13,1,1,0,13,24,4
offset,191,13,13,0,13,0,0,0,13,30,2
offset,93,12,12,0,12,0,0,0,12,100,3
offset,153,12,12,0,12,0,0,0,12,102,4
offset,168,12,12,0,12,0,0,0,12,102,3
offset,41,11,11,0,11,7,7,0,11,30,4
offset,137,11,11,0,11,0,0,0,11,103,3
offset,178,11,11,0,11,0,0,0,11,102,3
offset,197,11,11,0,11,0,0,0,11,100,4
offset,205,11,11,0,11,0,0,0,11,30,3
offset,95,10,10,0,10,2,2,0,10,24,2
offset,106,10,10,0,10,0,0,2,8,30,4
offset,121,10,10,0,10,0,0,0,10,102,4
offset,181,10,10,0,10,0,0,0,10,102,3
offset,195,10,10,0,10,0,0,0,10,102,2
offset,83,9,9,0,9,0,0,9,0,98,3
offset,105,9,9,0,9,0,0,5,4,98,4
offset,107,9,9,0,9,0,0,0,9,24,3
offset,117,9,9,0,9,0,0,0,9,0,2
offset,145,8,8,0,8,0,0,0,8,30,5
offset,207,8,8,0,8,0,0,0,8,30,3
offset,138,7,7,0,7,0,0,0,7,102,2
offset,170,7,7,0,7,0,0,0,7,100,3
offset,66,6,6,0,6,0,0,0,6,100,3
offset,111,6,6,0,6,0,0,0,6,31,2
offset,129,6,6,0,6,0,0,0,6,31,2
offset,146,6,6,0,6,0,0,0,6,30,2
offset,148,6,6,0,6,0,0,0,6,31,4
offset,154,6,6,0,6,0,0,0,6,101,3
offset,204,6,6,0,6,0,0,0,6,31,1
offset,116,5,5,0,5,0,0,0,5,26,2
offset,139,5,5,0,5,0,0,0,5,101,3
offset,143,5,5,0,5,0,0,0,5,103,3
offset,108,4,4,0,4,0,0,0,4,25,2
offset,124,4,4,0,4,0,0,0,4,26,2
offset,130,4,4,0,4,0,0,0,4,31,2
offset,140,4,4,0,4,0,0,0,4,26,3
offset,182,4,4,0,4,0,0,0,4,101,2
offset,196,4,4,0,4,0,0,0,4,25,3
offset,42,3,3,0,3,1,1,0,3,30,2
offset,122,3,3,0,3,0,0,0,3,101,1
offset,141,3,3,0,3,0,0,0,3,24,2
offset,155,3,3,0,3,0,0,0,3,24,3
offset,183,3,3,0,3,0,0,0,3,100,1
offset,190,3,3,0,3,0,0,0,3,31,1
offset,198,3,3,0,3,0,0,0,3,99,2
offset,199,3,3,0,3,0,0,0,3,24,1
offset,96,2,2,0,2,0,0,0,2,97,1
offset,112,2,2,0,2,0,0,0,2,30,1
offset,125,2,2,0,2,0,0,0,2,26,2
offset,128,2,2,0,2,0,0,0,2,31,1
offset,156,2,2,0,2,0,0,0,2,99,2
offset,184,2,2,0,2,0,0,0,2,99,1
offset,488,2,2,0,2,2,2,0,2,103,2
offset,109,1,1,0,1,0,0,0,1,24,1
offset,110,1,1,0,1,0,0,0,1,26,1
offset,123,1,1,0,1,0,0,0,1,26,1
offset,126,1,1,0,1,0,0,0,1,24,1
offset,127,1,1,0,1,0,0,0,1,24,1
offset,171,1,1,0,1,0,0,0,1,97,1
offset,172,1,1,0,1,0,0,0,1,98,1
offset,186,1,1,0,1,0,0,0,1,97,1
offset,268,1,1,0,1,1,1,0,1,99,1
offset,273,1,1,0,1,1,1,0,1,100,1
offset,279,1,1,0,1,1,1,0,1,0,1
offset,298,1,1,0,1,1,1,0,1,103,1
offset,373,1,1,0,1,1,1,0,1,0,1
offset,492,1,1,0,1,1,1,0,1,99,1
offset,685,1,1,0,1,1,1,0,1,0,1
offset,799,1,1,0,1,1,1,0,1,0,1
offset,1533,1,1,0,1,1,1,0,1,99,1
offset,1591,1,1,0,1,1,1,0,1,24,1
phase,0,304,304,0,2254,304,304,825,1429,0,1
phase,103,125,125,0,1236,125,125,480,756,103,1
phase,30,83,83,0,466,83,83,226,240,30,1
phase,24,73,73,0,261,73,73,139,122,24,1
phase,102,47,47,0,486,47,47,154,332,102,1
phase,31,45,45,0,342,45,45,149,193,31,1
phase,25,25,25,0,112,25,25,54,58,25,1
phase,100,24,24,0,181,24,24,74,107,100,1
phase,99,21,21,0,114,21,21,56,58,99,1
phase,16,8,8,0,70,8,8,21,49,16,1
phase,101,6,6,0,84,6,6,18,66,101,1
phase,98,5,5,0,46,5,5,15,31,98,1
phase,90,5,5,0,29,5,5,14,15,90,1
phase,26,4,4,0,61,4,4,14,47,26,1
phase,97,4,4,0,26,4,4,11,15,97,1
phase,92,4,4,0,8,4,4,8,0,92,1
phase,21,3,3,0,30,3,3,16,14,21,1
phase_offset,0|99,183,183,0,183,17,17,183,0,0,1
phase_offset,0|77,164,164,0,164,39,39,164,0,0,1
phase_offset,0|80,149,149,0,149,0,0,149,0,0,1
phase_offset,0|98,125,125,0,125,24,24,125,0,0,1
phase_offset,103|99,107,107,0,107,9,9,107,0,103,1
phase_offset,0|76,105,105,0,105,21,21,105,0,0,1
phase_offset,0|45,96,96,0,96,78,78,0,96,0,1
phase_offset,0|89,93,93,0,93,3,3,0,93,0,1
phase_offset,103|81,93,93,0,93,0,0,93,0,103,1
phase_offset,0|70,90,90,0,90,16,16,0,90,0,1
phase_offset,0|60,86,86,0,86,0,0,0,86,0,1
phase_offset,0|50,81,81,0,81,2,2,81,0,0,1
phase_offset,0|71,81,81,0,81,28,28,0,81,0,1
phase_offset,103|77,81,81,0,81,1,1,81,0,103,1
phase_offset,103|61,80,80,0,80,0,0,0,80,103,1
phase_offset,0|61,69,69,0,69,17,17,0,69,0,1
phase_offset,0|193,68,68,0,68,0,0,0,68,0,1
phase_offset,103|78,67,67,0,67,2,2,67,0,103,1
phase_offset,0|175,64,64,0,64,0,0,0,64,0,1
phase_offset,0|75,64,64,0,64,0,0,0,64,0,1
phase_offset,30|71,63,63,0,63,28,28,63,0,30,1
phase_offset,103|46,59,59,0,59,49,49,0,59,103,1
phase_offset,103|51,59,59,0,59,1,1,59,0,103,1
phase_offset,103|71,58,58,0,58,1,1,0,58,103,1
phase_offset,0|72,57,57,0,57,1,1,0,57,0,1
phase_offset,0|174,56,56,0,56,0,0,0,56,0,1
phase_offset,103|73,56,56,0,56,0,0,0,56,103,1
phase_offset,103|62,53,53,0,53,4,4,0,53,103,1
phase_offset,0|179,51,51,0,51,0,0,0,51,0,1
phase_offset,103|90,46,46,0,46,0,0,0,46,103,1
phase_offset,103|47,43,43,0,43,1,1,0,43,103,1
phase_offset,0|165,40,40,0,40,1,1,0,40,0,1
phase_offset,103|45,40,40,0,40,35,35,40,0,103,1
phase_offset,103|48,40,40,0,40,0,0,0,40,103,1
phase_offset,103|76,40,40,0,40,0,0,0,40,103,1
phase_offset,0|149,38,38,0,38,0,0,0,38,0,1
phase_offset,0|176,38,38,0,38,0,0,0,38,0,1
phase_offset,0|62,35,35,0,35,2,2,0,35,0,1
phase_offset,30|69,35,35,0,35,3,3,35,0,30,1
phase_offset,103|194,35,35,0,35,0,0,0,35,103,1
phase_offset,24|74,34,34,0,34,14,14,34,0,24,1
phase_offset,30|68,34,34,0,34,9,9,34,0,30,1
phase_offset,103|100,33,33,0,33,1,1,33,0,103,1
phase_offset,24|77,32,32,0,32,16,16,32,0,24,1
phase_offset,102|101,32,32,0,32,0,0,32,0,102,1
phase_offset,0|46,31,31,0,31,3,3,0,31,0,1
phase_offset,0|159,30,30,0,30,0,0,0,30,0,1
phase_offset,30|47,30,30,0,30,20,20,30,0,30,1
phase_offset,102|100,30,30,0,30,8,8,30,0,102,1
phase_offset,0|164,29,29,0,29,0,0,0,29,0,1
phase_offset,0|166,29,29,0,29,0,0,0,29,0,1
phase_offset,24|76,29,29,0,29,4,4,0,29,24,1
phase_offset,0|160,28,28,0,28,1,1,0,28,0,1
phase_offset,30|87,26,26,0,26,2,2,0,26,30,1
phase_offset,102|79,26,26,0,26,2,2,26,0,102,1
phase_offset,30|50,25,25,0,25,0,0,25,0,30,1
phase_offset,31|67,25,25,0,25,12,12,25,0,31,1
phase_offset,31|88,25,25,0,25,0,0,0,25,31,1
phase_offset,103|72,25,25,0,25,7,7,0,25,103,1
phase_offset,0|57,24,24,0,24,1,1,0,24,0,1
phase_offset,0|161,23,23,0,23,0,0,0,23,0,1
phase_offset,0|55,23,23,0,23,5,5,0,23,0,1
phase_offset,102|78,23,23,0,23,0,0,23,0,102,1
phase_offset,0|43,22,22,0,22,22,22,0,22,0,1
phase_offset,31|70,22,22,0,22,5,5,22,0,31,1
phase_offset,102|91,22,22,0,22,0,0,0,22,102,1
phase_offset,0|150,21,21,0,21,1,1,0,21,0,1
phase_offset,24|53,21,21,0,21,7,7,21,0,24,1
phase_offset,31|68,21,21,0,21,4,4,21,0,31,1
phase_offset,31|71,20,20,0,20,1,1,20,0,31,1
phase_offset,102|62,20,20,0,20,0,0,0,20,102,1
phase_offset,102|82,20,20,0,20,0,0,20,0,102,1
phase_offset,0|56,19,19,0,19,5,5,0,19,0,1
phase_offset,31|49,19,19,0,19,0,0,19,0,31,1
phase_offset,103|175,19,19,0,19,0,0,0,19,103,1
phase_offset,103|180,19,19,0,19,0,0,0,19,103,1
phase_offset,0|131,18,18,0,18,0,0,0,18,0,1
phase_offset,0|151,18,18,0,18,0,0,0,18,0,1
phase_offset,0|44,18,18,0,18,11,11,18,0,0,1
phase_offset,24|75,18,18,0,18,4,4,18,0,24,1
phase_offset,30|103,18,18,0,18,0,0,0,18,30,1
phase_offset,30|88,18,18,0,18,0,0,0,18,30,1
phase_offset,30|89,18,18,0,18,0,0,0,18,30,1
phase_offset,102|47,18,18,0,18,13,13,0,18,102,1
phase_offset,102|52,18,18,0,18,2,2,18,0,102,1
phase_offset,103|176,18,18,0,18,0,0,0,18,103,1
phase_offset,0|47,17,17,0,17,1,1,0,17,0,1
phase_offset,30|193,17,17,0,17,0,0,0,17,30,1
phase_offset,31|102,17,17,0,17,0,0,0,17,31,1
phase_offset,103|63,17,17,0,17,0,0,0,17,103,1
phase_offset,30|86,16,16,0,16,1,1,16,0,30,1
phase_offset,31|100,16,16,0,16,0,0,0,16,31,1
phase_offset,31|46,16,16,0,16,13,13,16,0,31,1
phase_offset,24|52,15,15,0,15,5,5,15,0,24,1
phase_offset,24|65,15,15,0,15,0,0,0,15,24,1
phase_offset,100|103,15,15,0,15,0,0,15,0,100,1
phase_offset,102|73,15,15,0,15,4,4,0,15,102,1
phase_offset,102|74,15,15,0,15,0,0,0,15,102,1
phase_offset,103|166,15,15,0,15,0,0,0,15,103,1
phase_offset,0|136,14,14,0,14,0,0,0,14,0,1
phase_offset,25|73,14,14,0,14,5,5,14,0,25,1
phase_offset,31|101,14,14,0,14,0,0,0,14,31,1
phase_offset,31|86,14,14,0,14,0,0,0,14,31,1
phase_offset,100|81,14,14,0,14,1,1,14,0,100,1
phase_offset,102|63,14,14,0,14,3,3,0,14,102,1
phase_offset,102|72,14,14,0,14,1,1,0,14,102,1
phase_offset,102|77,14,14,0,14,0,0,0,14,102,1
phase_offset,0|132,13,13,0,13,0,0,0,13,0,1
phase_offset,99|103,13,13,0,13,2,2,13,0,99,1
phase_offset,99|82,13,13,0,13,4,4,13,0,99,1
phase_offset,103|177,13,13,0,13,0,0,0,13,103,1
phase_offset,103|56,13,13,0,13,0,0,0,13,103,1
phase_offset,30|70,12,12,0,12,0,0,0,12,30,1
phase_offset,31|85,12,12,0,12,0,0,12,0,31,1
phase_offset,31|87,12,12,0,12,0,0,0,12,31,1
phase_offset,100|102,12,12,0,12,3,3,12,0,100,1
phase_offset,0|142,11,11,0,11,0,0,0,11,0,1
phase_offset,25|74,11,11,0,11,2,2,11,0,25,1
phase_offset,25|75,11,11,0,11,1,1,0,11,25,1
phase_offset,100|80,11,11,0,11,2,2,11,0,100,1
phase_offset,102|45,11,11,0,11,6,6,0,11,102,1
phase_offset,103|44,11,11,0,11,11,11,0,11,103,1
phase_offset,0|118,10,10,0,10,0,0,0,10,0,1
phase_offset,24|47,10,10,0,10,10,10,0,10,24,1
phase_offset,24|56,10,10,0,10,0,0,10,0,24,1
phase_offset,25|76,10,10,0,10,2,2,10,0,25,1
phase_offset,30|192,10,10,0,10,0,0,0,10,30,1
phase_offset,30|45,10,10,0,10,2,2,0,10,30,1
phase_offset,99|104,10,10,0,10,0,0,10,0,99,1
phase_offset,99|85,10,10,0,10,0,0,10,0,99,1
phase_offset,100|54,10,10,0,10,1,1,10,0,100,1
phase_offset,100|84,10,10,0,10,0,0,10,0,100,1
phase_offset,103|150,10,10,0,10,0,0,0,10,103,1
phase_offset,103|160,10,10,0,10,0,0,0,10,103,1
phase_offset,24|51,9,9,0,9,1,1,0,9,24,1
phase_offset,25|45,9,9,0,9,9,9,0,9,25,1
phase_offset,30|206,9,9,0,9,0,0,0,9,30,1
phase_offset,30|40,9,9,0,9,9,9,0,9,30,1
phase_offset,30|46,9,9,0,9,3,3,9,0,30,1
phase_offset,30|51,9,9,0,9,0,0,9,0,30,1
phase_offset,31|192,9,9,0,9,0,0,0,9,31,1
phase_offset,31|69,9,9,0,9,0,0,0,9,31,1
phase_offset,100|49,9,9,0,9,9,9,0,9,100,1
phase_offset,100|74,9,9,0,9,0,0,0,9,100,1
phase_offset,102|195,9,9,0,9,0,0,0,9,102,1
phase_offset,102|64,9,9,0,9,0,0,0,9,102,1
phase_offset,103|137,9,9,0,9,0,0,0,9,103,1
phase_offset,24|46,8,8,0,8,8,8,0,8,24,1
phase_offset,25|50,8,8,0,8,0,0,0,8,25,1
phase_offset,30|191,8,8,0,8,0,0,0,8,30,1
phase_offset,100|64,8,8,0,8,0,0,0,8,100,1
phase_offset,100|75,8,8,0,8,2,2,0,8,100,1
phase_offset,100|93,8,8,0,8,0,0,0,8,100,1
phase_offset,102|120,8,8,0,8,0,0,0,8,102,1
phase_offset,102|134,8,8,0,8,0,0,0,8,102,1
phase_offset,102|151,8,8,0,8,0,0,0,8,102,1
phase_offset,102|152,8,8,0,8,0,0,0,8,102,1
phase_offset,102|168,8,8,0,8,0,0,0,8,102,1
phase_offset,102|177,8,8,0,8,0,0,0,8,102,1
phase_offset,102|48,8,8,0,8,0,0,0,8,102,1
phase_offset,103|165,8,8,0,8,0,0,0,8,103,1
phase_offset,103|167,8,8,0,8,0,0,0,8,103,1
phase_offset,0|117,7,7,0,7,0,0,0,7,0,1
phase_offset,0|133,7,7,0,7,0,0,0,7,0,1
phase_offset,16|64,7,7,0,7,0,0,7,0,16,1
phase_offset,24|169,7,7,0,7,0,0,0,7,24,1
phase_offset,24|78,7,7,0,7,0,0,7,0,24,1
phase_offset,30|102,7,7,0,7,0,0,0,7,30,1
phase_offset,31|45,7,7,0,7,4,4,7,0,31,1
phase_offset,31|50,7,7,0,7,0,0,7,0,31,1
phase_offset,102|135,7,7,0,7,0,0,0,7,102,1
phase_offset,102|144,7,7,0,7,0,0,0,7,102,1
phase_offset,102|153,7,7,0,7,0,0,0,7,102,1
phase_offset,102|161,7,7,0,7,0,0,0,7,102,1
phase_offset,102|162,7,7,0,7,0,0,0,7,102,1
phase_offset,102|166,7,7,0,7,0,0,0,7,102,1
phase_offset,102|40,7,7,0,7,7,7,0,7,102,1
phase_offset,102|58,7,7,0,7,1,1,0,7,102,1
phase_offset,16|61,6,6,0,6,3,3,6,0,16,1
phase_offset,24|95,6,6,0,6,2,2,0,6,24,1
phase_offset,30|101,6,6,0,6,0,0,0,6,30,1
phase_offset,30|207,6,6,0,6,0,0,0,6,30,1
phase_offset,30|41,6,6,0,6,5,5,0,6,30,1
phase_offset,31|204,6,6,0,6,0,0,0,6,31,1
phase_offset,102|121,6,6,0,6,0,0,0,6,102,1
phase_offset,102|138,6,6,0,6,0,0,0,6,102,1
phase_offset,102|181,6,6,0,6,0,0,0,6,102,1
phase_offset,103|161,6,6,0,6,0,0,0,6,103,1
phase_offset,16|54,5,5,0,5,1,1,0,5,16,1
phase_offset,25|56,5,5,0,5,2,2,5,0,25,1
phase_offset,30|120,5,5,0,5,0,0,0,5,30,1
phase_offset,30|136,5,5,0,5,0,0,0,5,30,1
phase_offset,30|146,5,5,0,5,0,0,0,5,30,1
phase_offset,30|205,5,5,0,5,0,0,0,5,30,1
phase_offset,30|72,5,5,0,5,0,0,5,0,30,1
phase_offset,31|111,5,5,0,5,0,0,0,5,31,1
phase_offset,31|191,5,5,0,5,0,0,0,5,31,1
phase_offset,31|206,5,5,0,5,0,0,0,5,31,1
phase_offset,90|59,5,5,0,5,5,5,0,5,90,1
phase_offset,90|74,5,5,0,5,0,0,0,5,90,1
phase_offset,90|94,5,5,0,5,0,0,5,0,90,1
phase_offset,99|81,5,5,0,5,1,1,5,0,99,1
phase_offset,99|94,5,5,0,5,0,0,0,5,99,1
phase_offset,100|197,5,5,0,5,0,0,0,5,100,1
phase_offset,100|65,5,5,0,5,1,1,0,5,100,1
phase_offset,100|76,5,5,0,5,1,1,0,5,100,1
phase_offset,102|167,5,5,0,5,0,0,0,5,102,1
phase_offset,102|176,5,5,0,5,0,0,0,5,102,1
phase_offset,102|178,5,5,0,5,0,0,0,5,102,1
phase_offset,102|46,5,5,0,5,0,0,5,0,102,1
phase_offset,102|49,5,5,0,5,0,0,0,5,102,1
phase_offset,102|57,5,5,0,5,0,0,0,5,102,1
phase_offset,102|59,5,5,0,5,0,0,0,5,102,1
phase_offset,103|119,5,5,0,5,0,0,0,5,103,1
phase_offset,103|132,5,5,0,5,0,0,0,5,103,1
phase_offset,103|134,5,5,0,5,1,1,0,5,103,1
phase_offset,0|119,4,4,0,4,0,0,0,4,0,1
phase_offset,16|45,4,4,0,4,2,2,0,4,16,1
phase_offset,16|59,4,4,0,4,0,0,0,4,16,1
phase_offset,24|107,4,4,0,4,0,0,0,4,24,1
phase_offset,24|151,4,4,0,4,0,0,0,4,24,1
phase_offset,24|152,4,4,0,4,0,0,0,4,24,1
phase_offset,25|51,4,4,0,4,0,0,4,0,25,1
phase_offset,25|52,4,4,0,4,2,2,4,0,25,1
phase_offset,25|55,4,4,0,4,0,0,4,0,25,1
phase_offset,25|94,4,4,0,4,0,0,0,4,25,1
phase_offset,26|92,4,4,0,4,0,0,0,4,26,1
phase_offset,30|106,4,4,0,4,0,0,0,4,30,1
phase_offset,30|135,4,4,0,4,0,0,0,4,30,1
phase_offset,30|163,4,4,0,4,0,0,0,4,30,1
phase_offset,30|59,4,4,0,4,1,1,0,4,30,1
phase_offset,31|129,4,4,0,4,0,0,0,4,31,1
phase_offset,31|205,4,4,0,4,0,0,0,4,31,1
phase_offset,31|58,4,4,0,4,1,1,0,4,31,1
phase_offset,92|89,4,4,0,4,4,4,4,0,92,1
phase_offset,92|92,4,4,0,4,0,0,4,0,92,1
phase_offset,98|83,4,4,0,4,0,0,4,0,98,1
phase_offset,98|95,4,4,0,4,0,0,0,4,98,1
phase_offset,99|50,4,4,0,4,3,3,0,4,99,1
phase_offset,99|55,4,4,0,4,0,0,4,0,99,1
phase_offset,99|65,4,4,0,4,0,0,0,4,99,1
phase_offset,99|75,4,4,0,4,1,1,0,4,99,1
phase_offset,99|76,4,4,0,4,4,4,0,4,99,1
phase_offset,100|178,4,4,0,4,0,0,0,4,100,1
phase_offset,101|79,4,4,0,4,1,1,4,0,101,1
phase_offset,101|80,4,4,0,4,0,0,4,0,101,1
phase_offset,102|119,4,4,0,4,0,0,0,4,102,1
phase_offset,102|163,4,4,0,4,0,0,0,4,102,1
phase_offset,103|120,4,4,0,4,0,0,0,4,103,1
phase_offset,103|162,4,4,0,4,0,0,0,4,103,1
phase_offset,103|57,4,4,0,4,0,0,0,4,103,1
phase_offset,103|58,4,4,0,4,0,0,0,4,103,1
phase_offset,16|60,3,3,0,3,0,0,3,0,16,1
phase_offset,16|82,3,3,0,3,0,0,3,0,16,1
phase_offset,21|49,3,3,0,3,2,2,0,3,21,1
phase_offset,21|55,3,3,0,3,0,0,3,0,21,1
phase_offset,21|56,3,3,0,3,0,0,3,0,21,1
phase_offset,21|59,3,3,0,3,0,0,3,0,21,1
phase_offset,21|77,3,3,0,3,0,0,3,0,21,1
phase_offset,24|199,3,3,0,3,0,0,0,3,24,1
phase_offset,25|107,3,3,0,3,0,0,0,3,25,1
phase_offset,25|108,3,3,0,3,0,0,0,3,25,1
phase_offset,25|92,3,3,0,3,0,0,0,3,25,1
phase_offset,26|116,3,3,0,3,0,0,0,3,26,1
phase_offset,26|124,3,3,0,3,0,0,0,3,26,1
phase_offset,26|197,3,3,0,3,0,0,0,3,26,1
phase_offset,26|72,3,3,0,3,1,1,3,0,26,1
phase_offset,26|73,3,3,0,3,0,0,3,0,26,1
phase_offset,26|91,3,3,0,3,0,0,0,3,26,1
phase_offset,30|134,3,3,0,3,0,0,0,3,30,1
phase_offset,30|149,3,3,0,3,0,0,0,3,30,1
phase_offset,31|118,3,3,0,3,0,0,0,3,31,1
phase_offset,31|119,3,3,0,3,0,0,0,3,31,1
phase_offset,31|120,3,3,0,3,0,0,0,3,31,1
phase_offset,31|133,3,3,0,3,0,0,0,3,31,1
phase_offset,31|135,3,3,0,3,0,0,0,3,31,1
phase_offset,31|190,3,3,0,3,0,0,0,3,31,1
phase_offset,31|40,3,3,0,3,3,3,0,3,31,1
phase_offset,31|44,3,3,0,3,2,2,0,3,31,1
phase_offset,90|64,3,3,0,3,0,0,3,0,90,1
phase_offset,90|84,3,3,0,3,0,0,0,3,90,1
phase_offset,90|90,3,3,0,3,0,0,3,0,90,1
phase_offset,90|91,3,3,0,3,0,0,3,0,90,1
phase_offset,97|84,3,3,0,3,1,1,3,0,97,1
phase_offset,98|104,3,3,0,3,0,0,3,0,98,1
phase_offset,98|105,3,3,0,3,0,0,3,0,98,1
phase_offset,98|81,3,3,0,3,0,0,0,3,98,1
phase_offset,98|82,3,3,0,3,2,2,3,0,98,1
phase_offset,99|170,3,3,0,3,0,0,0,3,99,1
phase_offset,99|179,3,3,0,3,0,0,0,3,99,1
phase_offset,99|181,3,3,0,3,0,0,0,3,99,1
phase_offset,100|169,3,3,0,3,1,1,0,3,100,1
phase_offset,100|170,3,3,0,3,0,0,0,3,100,1
phase_offset,100|180,3,3,0,3,0,0,0,3,100,1
phase_offset,100|183,3,3,0,3,0,0,0,3,100,1
phase_offset,100|50,3,3,0,3,0,0,0,3,100,1
phase_offset,100|66,3,3,0,3,0,0,0,3,100,1
phase_offset,100|79,3,3,0,3,0,0,0,3,100,1
phase_offset,101|122,3,3,0,3,0,0,0,3,101,1
phase_offset,101|139,3,3,0,3,0,0,0,3,101,1
phase_offset,101|152,3,3,0,3,0,0,0,3,101,1
phase_offset,101|162,3,3,0,3,0,0,0,3,101,1
phase_offset,101|164,3,3,0,3,0,0,0,3,101,1
phase_offset,101|168,3,3,0,3,0,0,0,3,101,1
phase_offset,101|177,3,3,0,3,0,0,0,3,101,1
phase_offset,101|182,3,3,0,3,0,0,0,3,101,1
phase_offset,101|49,3,3,0,3,1,1,0,3,101,1
phase_offset,101|74,3,3,0,3,1,1,0,3,101,1
phase_offset,101|83,3,3,0,3,0,0,3,0,101,1
phase_offset,102|133,3,3,0,3,0,0,0,3,102,1
phase_offset,103|118,3,3,0,3,0,0,0,3,103,1
phase_offset,103|151,3,3,0,3,0,0,0,3,103,1
phase_offset,103|152,3,3,0,3,0,0,0,3,103,1
phase_offset,16|116,2,2,0,2,0,0,0,2,16,1
phase_offset,16|117,2,2,0,2,0,0,0,2,16,1
phase_offset,16|133,2,2,0,2,0,0,0,2,16,1
phase_offset,16|134,2,2,0,2,0,0,0,2,16,1
phase_offset,16|144,2,2,0,2,0,0,0,2,16,1
phase_offset,16|145,2,2,0,2,0,0,0,2,16,1
phase_offset,16|177,2,2,0,2,0,0,0,2,16,1
phase_offset,16|205,2,2,0,2,0,0,0,2,16,1
phase_offset,16|41,2,2,0,2,1,1,0,2,16,1
phase_offset,16|46,2,2,0,2,0,0,0,2,16,1
phase_offset,16|73,2,2,0,2,0,0,0,2,16,1
phase_offset,16|83,2,2,0,2,0,0,2,0,16,1
phase_offset,16|84,2,2,0,2,0,0,0,2,16,1
phase_offset,21|54,2,2,0,2,0,0,0,2,21,1
phase_offset,21|60,2,2,0,2,0,0,2,0,21,1
phase_offset,21|78,2,2,0,2,0,0,2,0,21,1
phase_offset,21|79,2,2,0,2,0,0,0,2,21,1
phase_offset,24|135,2,2,0,2,0,0,0,2,24,1
phase_offset,24|141,2,2,0,2,0,0,0,2,24,1
phase_offset,24|142,2,2,0,2,0,0,0,2,24,1
phase_offset,24|197,2,2,0,2,0,0,0,2,24,1
phase_offset,24|57,2,2,0,2,0,0,2,0,24,1
phase_offset,24|93,2,2,0,2,0,0,0,2,24,1
phase_offset,24|94,2,2,0,2,0,0,0,2,24,1
phase_offset,25|106,2,2,0,2,0,0,0,2,25,1
phase_offset,25|196,2,2,0,2,0,0,0,2,25,1
phase_offset,25|46,2,2,0,2,1,1,0,2,25,1
phase_offset,25|64,2,2,0,2,1,1,0,2,25,1
phase_offset,25|77,2,2,0,2,0,0,2,0,25,1
phase_offset,25|93,2,2,0,2,0,0,0,2,25,1
phase_offset,26|105,2,2,0,2,0,0,0,2,26,1
phase_offset,26|106,2,2,0,2,0,0,0,2,26,1
phase_offset,26|107,2,2,0,2,0,0,0,2,26,1
phase_offset,26|134,2,2,0,2,0,0,0,2,26,1
phase_offset,26|135,2,2,0,2,0,0,0,2,26,1
phase_offset,26|140,2,2,0,2,0,0,0,2,26,1
phase_offset,26|148,2,2,0,2,0,0,0,2,26,1
phase_offset,26|150,2,2,0,2,0,0,0,2,26,1
phase_offset,26|153,2,2,0,2,0,0,0,2,26,1
phase_offset,26|45,2,2,0,2,1,1,0,2,26,1
phase_offset,26|50,2,2,0,2,1,1,2,0,26,1
phase_offset,26|51,2,2,0,2,0,0,2,0,26,1
phase_offset,30|112,2,2,0,2,0,0,0,2,30,1
phase_offset,30|119,2,2,0,2,0,0,0,2,30,1
phase_offset,30|121,2,2,0,2,0,0,0,2,30,1
phase_offset,30|129,2,2,0,2,0,0,0,2,30,1
phase_offset,30|130,2,2,0,2,0,0,0,2,30,1
phase_offset,30|131,2,2,0,2,0,0,0,2,30,1
phase_offset,30|144,2,2,0,2,0,0,0,2,30,1
phase_offset,30|145,2,2,0,2,0,0,0,2,30,1
phase_offset,30|42,2,2,0,2,0,0,0,2,30,1
phase_offset,31|105,2,2,0,2,0,0,0,2,31,1
phase_offset,31|128,2,2,0,2,0,0,0,2,31,1
phase_offset,31|130,2,2,0,2,0,0,0,2,31,1
phase_offset,31|134,2,2,0,2,0,0,0,2,31,1
phase_offset,31|143,2,2,0,2,0,0,0,2,31,1
phase_offset,31|144,2,2,0,2,0,0,0,2,31,1
phase_offset,31|145,2,2,0,2,0,0,0,2,31,1
phase_offset,31|148,2,2,0,2,0,0,0,2,31,1
phase_offset,31|162,2,2,0,2,0,0,0,2,31,1
phase_offset,31|41,2,2,0,2,0,0,0,2,31,1
phase_offset,97|105,2,2,0,2,0,0,2,0,97,1
phase_offset,97|106,2,2,0,2,0,0,2,0,97,1
phase_offset,97|57,2,2,0,2,1,1,2,0,97,1
phase_offset,97|77,2,2,0,2,0,0,0,2,97,1
phase_offset,97|78,2,2,0,2,1,1,0,2,97,1
phase_offset,97|87,2,2,0,2,0,0,2,0,97,1
phase_offset,97|96,2,2,0,2,0,0,0,2,97,1
phase_offset,98|180,2,2,0,2,0,0,0,2,98,1
phase_offset,98|66,2,2,0,2,0,0,0,2,98,1
phase_offset,98|68,2,2,0,2,1,1,0,2,98,1
phase_offset,98|76,2,2,0,2,0,0,0,2,98,1
phase_offset,99|154,2,2,0,2,0,0,0,2,99,1
phase_offset,99|164,2,2,0,2,1,1,0,2,99,1
phase_offset,99|165,2,2,0,2,0,0,0,2,99,1
phase_offset,99|169,2,2,0,2,0,0,0,2,99,1
phase_offset,99|180,2,2,0,2,0,0,0,2,99,1
phase_offset,99|184,2,2,0,2,0,0,0,2,99,1
phase_offset,99|198,2,2,0,2,0,0,0,2,99,1
phase_offset,99|67,2,2,0,2,1,1,0,2,99,1
phase_offset,99|77,2,2,0,2,0,0,0,2,99,1
phase_offset,100|153,2,2,0,2,0,0,0,2,100,1
phase_offset,100|154,2,2,0,2,0,0,0,2,100,1
phase_offset,100|163,2,2,0,2,0,0,0,2,100,1
phase_offset,100|164,2,2,0,2,0,0,0,2,100,1
phase_offset,100|179,2,2,0,2,0,0,0,2,100,1
phase_offset,100|48,2,2,0,2,1,1,2,0,100,1
phase_offset,100|59,2,2,0,2,0,0,0,2,100,1
phase_offset,100|60,2,2,0,2,0,0,0,2,100,1
phase_offset,101|101,2,2,0,2,0,0,2,0,101,1
phase_offset,101|102,2,2,0,2,0,0,2,0,101,1
phase_offset,101|120,2,2,0,2,0,0,0,2,101,1
phase_offset,101|134,2,2,0,2,0,0,0,2,101,1
phase_offset,101|154,2,2,0,2,0,0,0,2,101,1
phase_offset,101|163,2,2,0,2,0,0,0,2,101,1
phase_offset,101|167,2,2,0,2,0,0,0,2,101,1
phase_offset,101|178,2,2,0,2,0,0,0,2,101,1
phase_offset,101|179,2,2,0,2,0,0,0,2,101,1
phase_offset,101|46,2,2,0,2,1,1,0,2,101,1
phase_offset,101|53,2,2,0,2,0,0,2,0,101,1
phase_offset,101|63,2,2,0,2,0,0,0,2,101,1
phase_offset,101|65,2,2,0,2,0,0,0,2,101,1
phase_offset,101|78,2,2,0,2,0,0,0,2,101,1
phase_offset,101|92,2,2,0,2,0,0,0,2,101,1
phase_offset,103|143,2,2,0,2,0,0,0,2,103,1
phase_offset,0|279,1,1,0,1,1,1,0,1,0,1
phase_offset,0|373,1,1,0,1,1,1,0,1,0,1
phase_offset,0|488,1,1,0,1,1,1,0,1,0,1
phase_offset,0|685,1,1,0,1,1,1,0,1,0,1
phase_offset,0|799,1,1,0,1,1,1,0,1,0,1
phase_offset,16|120,1,1,0,1,0,0,0,1,16,1
phase_offset,16|143,1,1,0,1,0,0,0,1,16,1
phase_offset,16|148,1,1,0,1,0,0,0,1,16,1
phase_offset,16|149,1,1,0,1,0,0,0,1,16,1
phase_offset,16|150,1,1,0,1,0,0,0,1,16,1
phase_offset,16|159,1,1,0,1,0,0,0,1,16,1
phase_offset,16|163,1,1,0,1,0,0,0,1,16,1
phase_offset,16|206,1,1,0,1,0,0,0,1,16,1
phase_offset,16|207,1,1,0,1,0,0,0,1,16,1
phase_offset,16|40,1,1,0,1,1,1,0,1,16,1
phase_offset,16|55,1,1,0,1,0,0,0,1,16,1
phase_offset,16|56,1,1,0,1,0,0,0,1,16,1
phase_offset,21|144,1,1,0,1,0,0,0,1,21,1
phase_offset,21|145,1,1,0,1,0,0,0,1,21,1
phase_offset,21|153,1,1,0,1,0,0,0,1,21,1
phase_offset,21|40,1,1,0,1,1,1,0,1,21,1
phase_offset,21|50,1,1,0,1,0,0,0,1,21,1
phase_offset,21|51,1,1,0,1,0,0,0,1,21,1
phase_offset,21|68,1,1,0,1,0,0,0,1,21,1
phase_offset,24|108,1,1,0,1,0,0,0,1,24,1
phase_offset,24|109,1,1,0,1,0,0,0,1,24,1
phase_offset,24|118,1,1,0,1,0,0,0,1,24,1
phase_offset,24|125,1,1,0,1,0,0,0,1,24,1
phase_offset,24|126,1,1,0,1,0,0,0,1,24,1
phase_offset,24|127,1,1,0,1,0,0,0,1,24,1
phase_offset,24|137,1,1,0,1,0,0,0,1,24,1
phase_offset,24|140,1,1,0,1,0,0,0,1,24,1
phase_offset,24|155,1,1,0,1,0,0,0,1,24,1
phase_offset,24|1591,1,1,0,1,1,1,0,1,24,1
phase_offset,24|48,1,1,0,1,1,1,0,1,24,1
phase_offset,25|111,1,1,0,1,0,0,0,1,25,1
phase_offset,25|139,1,1,0,1,0,0,0,1,25,1
phase_offset,25|141,1,1,0,1,0,0,0,1,25,1
phase_offset,25|149,1,1,0,1,0,0,0,1,25,1
phase_offset,25|151,1,1,0,1,0,0,0,1,25,1
phase_offset,25|197,1,1,0,1,0,0,0,1,25,1
phase_offset,25|198,1,1,0,1,0,0,0,1,25,1
phase_offset,26|110,1,1,0,1,0,0,0,1,26,1
phase_offset,26|123,1,1,0,1,0,0,0,1,26,1
phase_offset,26|125,1,1,0,1,0,0,0,1,26,1
phase_offset,26|133,1,1,0,1,0,0,0,1,26,1
phase_offset,26|149,1,1,0,1,0,0,0,1,26,1
phase_offset,26|195,1,1,0,1,0,0,0,1,26,1
phase_offset,26|196,1,1,0,1,0,0,0,1,26,1
phase_offset,26|44,1,1,0,1,1,1,0,1,26,1
phase_offset,26|49,1,1,0,1,0,0,0,1,26,1
phase_offset,26|54,1,1,0,1,0,0,1,0,26,1
phase_offset,26|55,1,1,0,1,0,0,1,0,26,1
phase_offset,26|63,1,1,0,1,0,0,0,1,26,1
phase_offset,26|74,1,1,0,1,0,0,0,1,26,1
phase_offset,26|75,1,1,0,1,0,0,1,0,26,1
phase_offset,26|76,1,1,0,1,0,0,1,0,26,1
phase_offset,90|207,1,1,0,1,0,0,0,1,90,1
phase_offset,90|85,1,1,0,1,0,0,0,1,90,1
phase_offset,97|166,1,1,0,1,0,0,0,1,97,1
phase_offset,97|167,1,1,0,1,0,0,0,1,97,1
phase_offset,97|171,1,1,0,1,0,0,0,1,97,1
phase_offset,97|181,1,1,0,1,0,0,0,1,97,1
phase_offset,97|186,1,1,0,1,0,0,0,1,97,1
phase_offset,97|52,1,1,0,1,1,1,0,1,97,1
phase_offset,97|67,1,1,0,1,0,0,0,1,97,1
phase_offset,97|68,1,1,0,1,0,0,0,1,97,1
phase_offset,97|79,1,1,0,1,0,0,0,1,97,1
phase_offset,98|137,1,1,0,1,0,0,0,1,98,1
phase_offset,98|139,1,1,0,1,0,0,0,1,98,1
phase_offset,98|142,1,1,0,1,0,0,0,1,98,1
phase_offset,98|148,1,1,0,1,0,0,0,1,98,1
phase_offset,98|155,1,1,0,1,0,0,0,1,98,1
phase_offset,98|156,1,1,0,1,0,0,0,1,98,1
phase_offset,98|165,1,1,0,1,0,0,0,1,98,1
phase_offset,98|170,1,1,0,1,0,0,0,1,98,1
phase_offset,98|172,1,1,0,1,0,0,0,1,98,1
phase_offset,98|182,1,1,0,1,0,0,0,1,98,1
phase_offset,98|44,1,1,0,1,1,1,0,1,98,1
phase_offset,98|50,1,1,0,1,0,0,1,0,98,1
phase_offset,98|51,1,1,0,1,1,1,0,1,98,1
phase_offset,98|52,1,1,0,1,0,0,0,1,98,1
phase_offset,98|56,1,1,0,1,0,0,1,0,98,1
phase_offset,98|61,1,1,0,1,0,0,0,1,98,1
phase_offset,98|63,1,1,0,1,0,0,0,1,98,1
phase_offset,98|78,1,1,0,1,0,0,0,1,98,1
phase_offset,99|124,1,1,0,1,0,0,0,1,99,1
phase_offset,99|138,1,1,0,1,0,0,0,1,99,1
phase_offset,99|1533,1,1,0,1,1,1,0,1,99,1
phase_offset,99|156,1,1,0,1,0,0,0,1,99,1
phase_offset,99|166,1,1,0,1,0,0,0,1,99,1
phase_offset,99|268,1,1,0,1,1,1,0,1,99,1
phase_offset,99|49,1,1,0,1,1,1,1,0,99,1
phase_offset,99|492,1,1,0,1,1,1,0,1,99,1
phase_offset,99|61,1,1,0,1,0,0,0,1,99,1
phase_offset,99|66,1,1,0,1,0,0,0,1,99,1
phase_offset,99|80,1,1,0,1,0,0,0,1,99,1
phase_offset,100|121,1,1,0,1,0,0,0,1,100,1
phase_offset,100|136,1,1,0,1,0,0,0,1,100,1
phase_offset,100|140,1,1,0,1,0,0,0,1,100,1
phase_offset,100|146,1,1,0,1,0,0,0,1,100,1
phase_offset,100|155,1,1,0,1,0,0,0,1,100,1
phase_offset,100|165,1,1,0,1,0,0,0,1,100,1
phase_offset,100|168,1,1,0,1,0,0,0,1,100,1
phase_offset,100|273,1,1,0,1,1,1,0,1,100,1
phase_offset,100|42,1,1,0,1,1,1,0,1,100,1
phase_offset,100|47,1,1,0,1,0,0,0,1,100,1
phase_offset,100|51,1,1,0,1,0,0,0,1,100,1
phase_offset,101|121,1,1,0,1,0,0,0,1,101,1
phase_offset,101|136,1,1,0,1,0,0,0,1,101,1
phase_offset,101|145,1,1,0,1,0,0,0,1,101,1
phase_offset,101|169,1,1,0,1,0,0,0,1,101,1
phase_offset,101|196,1,1,0,1,0,0,0,1,101,1
phase_offset,101|41,1,1,0,1,1,1,0,1,101,1
phase_offset,101|47,1,1,0,1,0,0,1,0,101,1
phase_offset,101|48,1,1,0,1,1,1,0,1,101,1
phase_offset,101|58,1,1,0,1,0,0,0,1,101,1
phase_offset,101|59,1,1,0,1,0,0,0,1,101,1
phase_offset,101|60,1,1,0,1,0,0,0,1,101,1
phase_offset,101|73,1,1,0,1,0,0,0,1,101,1
phase_offset,101|75,1,1,0,1,0,0,0,1,101,1
phase_offset,103|133,1,1,0,1,0,0,0,1,103,1
phase_offset,103|298,1,1,0,1,1,1,0,1,103,1
phase_offset,103|488,1,1,0,1,1,1,0,1,103,1
phase_offset_kind,0|99|missing_black,183,183,0,183,17,17,183,0,0,1
phase_offset_kind,0|77|missing_black,164,164,0,164,39,39,164,0,0,1
phase_offset_kind,0|80|missing_black,149,149,0,149,0,0,149,0,0,1
phase_offset_kind,0|98|missing_black,125,125,0,125,24,24,125,0,0,1
phase_offset_kind,103|99|missing_black,107,107,0,107,9,9,107,0,103,1
phase_offset_kind,0|76|missing_black,105,105,0,105,21,21,105,0,0,1
phase_offset_kind,0|45|frontier_black_collision,96,96,0,96,78,78,0,96,0,1
phase_offset_kind,0|89|frontier_black_collision,93,93,0,93,3,3,0,93,0,1
phase_offset_kind,103|81|missing_black,93,93,0,93,0,0,93,0,103,1
phase_offset_kind,0|70|frontier_black_collision,90,90,0,90,16,16,0,90,0,1
phase_offset_kind,0|60|frontier_black_collision,86,86,0,86,0,0,0,86,0,1
phase_offset_kind,0|50|missing_black,81,81,0,81,2,2,81,0,0,1
phase_offset_kind,0|71|frontier_black_collision,81,81,0,81,28,28,0,81,0,1
phase_offset_kind,103|77|missing_black,81,81,0,81,1,1,81,0,103,1
phase_offset_kind,103|61|frontier_black_collision,80,80,0,80,0,0,0,80,103,1
phase_offset_kind,0|61|frontier_black_collision,69,69,0,69,17,17,0,69,0,1
phase_offset_kind,0|193|frontier_black_collision,68,68,0,68,0,0,0,68,0,1
phase_offset_kind,103|78|missing_black,67,67,0,67,2,2,67,0,103,1
phase_offset_kind,0|175|frontier_black_collision,64,64,0,64,0,0,0,64,0,1
phase_offset_kind,0|75|frontier_black_collision,64,64,0,64,0,0,0,64,0,1
phase_offset_kind,30|71|missing_black,63,63,0,63,28,28,63,0,30,1
phase_offset_kind,103|46|frontier_black_collision,59,59,0,59,49,49,0,59,103,1
phase_offset_kind,103|51|missing_black,59,59,0,59,1,1,59,0,103,1
phase_offset_kind,103|71|frontier_black_collision,58,58,0,58,1,1,0,58,103,1
phase_offset_kind,0|72|frontier_black_collision,57,57,0,57,1,1,0,57,0,1
phase_offset_kind,0|174|frontier_black_collision,56,56,0,56,0,0,0,56,0,1
phase_offset_kind,103|73|frontier_black_collision,56,56,0,56,0,0,0,56,103,1
phase_offset_kind,103|62|frontier_black_collision,53,53,0,53,4,4,0,53,103,1
phase_offset_kind,0|179|frontier_black_collision,51,51,0,51,0,0,0,51,0,1
phase_offset_kind,103|90|frontier_black_collision,46,46,0,46,0,0,0,46,103,1
phase_offset_kind,103|47|frontier_black_collision,43,43,0,43,1,1,0,43,103,1
phase_offset_kind,0|165|frontier_black_collision,40,40,0,40,1,1,0,40,0,1
phase_offset_kind,103|45|missing_black,40,40,0,40,35,35,40,0,103,1
phase_offset_kind,103|48|frontier_black_collision,40,40,0,40,0,0,0,40,103,1
phase_offset_kind,103|76|frontier_black_collision,40,40,0,40,0,0,0,40,103,1
phase_offset_kind,0|149|frontier_black_collision,38,38,0,38,0,0,0,38,0,1
phase_offset_kind,0|176|frontier_black_collision,38,38,0,38,0,0,0,38,0,1
phase_offset_kind,0|62|frontier_black_collision,35,35,0,35,2,2,0,35,0,1
phase_offset_kind,30|69|missing_black,35,35,0,35,3,3,35,0,30,1
phase_offset_kind,103|194|frontier_black_collision,35,35,0,35,0,0,0,35,103,1
phase_offset_kind,24|74|missing_black,34,34,0,34,14,14,34,0,24,1
phase_offset_kind,30|68|missing_black,34,34,0,34,9,9,34,0,30,1
phase_offset_kind,103|100|missing_black,33,33,0,33,1,1,33,0,103,1
phase_offset_kind,24|77|missing_black,32,32,0,32,16,16,32,0,24,1
phase_offset_kind,102|101|missing_black,32,32,0,32,0,0,32,0,102,1
phase_offset_kind,0|46|frontier_black_collision,31,31,0,31,3,3,0,31,0,1
phase_offset_kind,0|159|frontier_black_collision,30,30,0,30,0,0,0,30,0,1
phase_offset_kind,30|47|missing_black,30,30,0,30,20,20,30,0,30,1
phase_offset_kind,102|100|missing_black,30,30,0,30,8,8,30,0,102,1
phase_offset_kind,0|164|frontier_black_collision,29,29,0,29,0,0,0,29,0,1
phase_offset_kind,0|166|frontier_black_collision,29,29,0,29,0,0,0,29,0,1
phase_offset_kind,24|76|frontier_black_collision,29,29,0,29,4,4,0,29,24,1
phase_offset_kind,0|160|frontier_black_collision,28,28,0,28,1,1,0,28,0,1
phase_offset_kind,30|87|frontier_black_collision,26,26,0,26,2,2,0,26,30,1
phase_offset_kind,102|79|missing_black,26,26,0,26,2,2,26,0,102,1
phase_offset_kind,30|50|missing_black,25,25,0,25,0,0,25,0,30,1
phase_offset_kind,31|67|missing_black,25,25,0,25,12,12,25,0,31,1
phase_offset_kind,31|88|frontier_black_collision,25,25,0,25,0,0,0,25,31,1
phase_offset_kind,103|72|frontier_black_collision,25,25,0,25,7,7,0,25,103,1
phase_offset_kind,0|57|frontier_black_collision,24,24,0,24,1,1,0,24,0,1
phase_offset_kind,0|161|frontier_black_collision,23,23,0,23,0,0,0,23,0,1
phase_offset_kind,0|55|frontier_black_collision,23,23,0,23,5,5,0,23,0,1
phase_offset_kind,102|78|missing_black,23,23,0,23,0,0,23,0,102,1
phase_offset_kind,0|43|frontier_black_collision,22,22,0,22,22,22,0,22,0,1
phase_offset_kind,31|70|missing_black,22,22,0,22,5,5,22,0,31,1
phase_offset_kind,102|91|frontier_black_collision,22,22,0,22,0,0,0,22,102,1
phase_offset_kind,0|150|frontier_black_collision,21,21,0,21,1,1,0,21,0,1
phase_offset_kind,24|53|missing_black,21,21,0,21,7,7,21,0,24,1
phase_offset_kind,31|68|missing_black,21,21,0,21,4,4,21,0,31,1
phase_offset_kind,31|71|missing_black,20,20,0,20,1,1,20,0,31,1
phase_offset_kind,102|62|frontier_black_collision,20,20,0,20,0,0,0,20,102,1
phase_offset_kind,102|82|missing_black,20,20,0,20,0,0,20,0,102,1
phase_offset_kind,0|56|frontier_black_collision,19,19,0,19,5,5,0,19,0,1
phase_offset_kind,31|49|missing_black,19,19,0,19,0,0,19,0,31,1
phase_offset_kind,103|175|frontier_black_collision,19,19,0,19,0,0,0,19,103,1
phase_offset_kind,103|180|frontier_black_collision,19,19,0,19,0,0,0,19,103,1
phase_offset_kind,0|131|frontier_black_collision,18,18,0,18,0,0,0,18,0,1
phase_offset_kind,0|151|frontier_black_collision,18,18,0,18,0,0,0,18,0,1
phase_offset_kind,0|44|missing_black,18,18,0,18,11,11,18,0,0,1
phase_offset_kind,24|75|missing_black,18,18,0,18,4,4,18,0,24,1
phase_offset_kind,30|103|frontier_black_collision,18,18,0,18,0,0,0,18,30,1
phase_offset_kind,30|88|frontier_black_collision,18,18,0,18,0,0,0,18,30,1
phase_offset_kind,30|89|frontier_black_collision,18,18,0,18,0,0,0,18,30,1
phase_offset_kind,102|47|frontier_black_collision,18,18,0,18,13,13,0,18,102,1
phase_offset_kind,102|52|missing_black,18,18,0,18,2,2,18,0,102,1
phase_offset_kind,103|176|frontier_black_collision,18,18,0,18,0,0,0,18,103,1
phase_offset_kind,0|47|frontier_black_collision,17,17,0,17,1,1,0,17,0,1
phase_offset_kind,30|193|frontier_black_collision,17,17,0,17,0,0,0,17,30,1
phase_offset_kind,31|102|frontier_black_collision,17,17,0,17,0,0,0,17,31,1
phase_offset_kind,103|63|frontier_black_collision,17,17,0,17,0,0,0,17,103,1
phase_offset_kind,30|86|missing_black,16,16,0,16,1,1,16,0,30,1
phase_offset_kind,31|100|frontier_black_collision,16,16,0,16,0,0,0,16,31,1
phase_offset_kind,31|46|missing_black,16,16,0,16,13,13,16,0,31,1
phase_offset_kind,24|52|missing_black,15,15,0,15,5,5,15,0,24,1
phase_offset_kind,24|65|frontier_black_collision,15,15,0,15,0,0,0,15,24,1
phase_offset_kind,100|103|missing_black,15,15,0,15,0,0,15,0,100,1
phase_offset_kind,102|73|frontier_black_collision,15,15,0,15,4,4,0,15,102,1
phase_offset_kind,102|74|frontier_black_collision,15,15,0,15,0,0,0,15,102,1
phase_offset_kind,103|166|frontier_black_collision,15,15,0,15,0,0,0,15,103,1
phase_offset_kind,0|136|frontier_black_collision,14,14,0,14,0,0,0,14,0,1
phase_offset_kind,25|73|missing_black,14,14,0,14,5,5,14,0,25,1
phase_offset_kind,31|101|frontier_black_collision,14,14,0,14,0,0,0,14,31,1
phase_offset_kind,31|86|frontier_black_collision,14,14,0,14,0,0,0,14,31,1
phase_offset_kind,100|81|missing_black,14,14,0,14,1,1,14,0,100,1
phase_offset_kind,102|63|frontier_black_collision,14,14,0,14,3,3,0,14,102,1
phase_offset_kind,102|72|frontier_black_collision,14,14,0,14,1,1,0,14,102,1
phase_offset_kind,102|77|frontier_black_collision,14,14,0,14,0,0,0,14,102,1
phase_offset_kind,0|132|frontier_black_collision,13,13,0,13,0,0,0,13,0,1
phase_offset_kind,99|103|missing_black,13,13,0,13,2,2,13,0,99,1
phase_offset_kind,99|82|missing_black,13,13,0,13,4,4,13,0,99,1
phase_offset_kind,103|177|frontier_black_collision,13,13,0,13,0,0,0,13,103,1
phase_offset_kind,103|56|frontier_black_collision,13,13,0,13,0,0,0,13,103,1
phase_offset_kind,30|70|frontier_black_collision,12,12,0,12,0,0,0,12,30,1
phase_offset_kind,31|85|missing_black,12,12,0,12,0,0,12,0,31,1
phase_offset_kind,31|87|frontier_black_collision,12,12,0,12,0,0,0,12,31,1
phase_offset_kind,100|102|missing_black,12,12,0,12,3,3,12,0,100,1
phase_offset_kind,0|142|frontier_black_collision,11,11,0,11,0,0,0,11,0,1
phase_offset_kind,25|74|missing_black,11,11,0,11,2,2,11,0,25,1
phase_offset_kind,25|75|frontier_black_collision,11,11,0,11,1,1,0,11,25,1
phase_offset_kind,100|80|missing_black,11,11,0,11,2,2,11,0,100,1
phase_offset_kind,102|45|frontier_black_collision,11,11,0,11,6,6,0,11,102,1
phase_offset_kind,103|44|frontier_black_collision,11,11,0,11,11,11,0,11,103,1
phase_offset_kind,0|118|frontier_black_collision,10,10,0,10,0,0,0,10,0,1
phase_offset_kind,24|47|frontier_black_collision,10,10,0,10,10,10,0,10,24,1
phase_offset_kind,24|56|missing_black,10,10,0,10,0,0,10,0,24,1
phase_offset_kind,25|76|missing_black,10,10,0,10,2,2,10,0,25,1
phase_offset_kind,30|192|frontier_black_collision,10,10,0,10,0,0,0,10,30,1
phase_offset_kind,30|45|frontier_black_collision,10,10,0,10,2,2,0,10,30,1
phase_offset_kind,99|104|missing_black,10,10,0,10,0,0,10,0,99,1
phase_offset_kind,99|85|missing_black,10,10,0,10,0,0,10,0,99,1
phase_offset_kind,100|54|missing_black,10,10,0,10,1,1,10,0,100,1
phase_offset_kind,100|84|missing_black,10,10,0,10,0,0,10,0,100,1
phase_offset_kind,103|150|frontier_black_collision,10,10,0,10,0,0,0,10,103,1
phase_offset_kind,103|160|frontier_black_collision,10,10,0,10,0,0,0,10,103,1
phase_offset_kind,24|51|frontier_black_collision,9,9,0,9,1,1,0,9,24,1
phase_offset_kind,25|45|frontier_black_collision,9,9,0,9,9,9,0,9,25,1
phase_offset_kind,30|206|frontier_black_collision,9,9,0,9,0,0,0,9,30,1
phase_offset_kind,30|40|frontier_black_collision,9,9,0,9,9,9,0,9,30,1
phase_offset_kind,30|46|missing_black,9,9,0,9,3,3,9,0,30,1
phase_offset_kind,30|51|missing_black,9,9,0,9,0,0,9,0,30,1
phase_offset_kind,31|192|frontier_black_collision,9,9,0,9,0,0,0,9,31,1
phase_offset_kind,31|69|frontier_black_collision,9,9,0,9,0,0,0,9,31,1
phase_offset_kind,100|49|frontier_black_collision,9,9,0,9,9,9,0,9,100,1
phase_offset_kind,100|74|frontier_black_collision,9,9,0,9,0,0,0,9,100,1
phase_offset_kind,102|195|frontier_black_collision,9,9,0,9,0,0,0,9,102,1
phase_offset_kind,102|64|frontier_black_collision,9,9,0,9,0,0,0,9,102,1
phase_offset_kind,103|137|frontier_black_collision,9,9,0,9,0,0,0,9,103,1
phase_offset_kind,24|46|frontier_black_collision,8,8,0,8,8,8,0,8,24,1
phase_offset_kind,25|50|frontier_black_collision,8,8,0,8,0,0,0,8,25,1
phase_offset_kind,30|191|frontier_black_collision,8,8,0,8,0,0,0,8,30,1
phase_offset_kind,100|64|frontier_black_collision,8,8,0,8,0,0,0,8,100,1
phase_offset_kind,100|75|frontier_black_collision,8,8,0,8,2,2,0,8,100,1
phase_offset_kind,100|93|frontier_black_collision,8,8,0,8,0,0,0,8,100,1
phase_offset_kind,102|120|frontier_black_collision,8,8,0,8,0,0,0,8,102,1
phase_offset_kind,102|134|frontier_black_collision,8,8,0,8,0,0,0,8,102,1
phase_offset_kind,102|151|frontier_black_collision,8,8,0,8,0,0,0,8,102,1
phase_offset_kind,102|152|frontier_black_collision,8,8,0,8,0,0,0,8,102,1
phase_offset_kind,102|168|frontier_black_collision,8,8,0,8,0,0,0,8,102,1
phase_offset_kind,102|177|frontier_black_collision,8,8,0,8,0,0,0,8,102,1
phase_offset_kind,102|48|frontier_black_collision,8,8,0,8,0,0,0,8,102,1
phase_offset_kind,103|165|frontier_black_collision,8,8,0,8,0,0,0,8,103,1
phase_offset_kind,103|167|frontier_black_collision,8,8,0,8,0,0,0,8,103,1
phase_offset_kind,0|117|frontier_black_collision,7,7,0,7,0,0,0,7,0,1
phase_offset_kind,0|133|frontier_black_collision,7,7,0,7,0,0,0,7,0,1
phase_offset_kind,16|64|missing_black,7,7,0,7,0,0,7,0,16,1
phase_offset_kind,24|169|frontier_black_collision,7,7,0,7,0,0,0,7,24,1
phase_offset_kind,24|78|missing_black,7,7,0,7,0,0,7,0,24,1
phase_offset_kind,30|102|frontier_black_collision,7,7,0,7,0,0,0,7,30,1
phase_offset_kind,31|45|missing_black,7,7,0,7,4,4,7,0,31,1
phase_offset_kind,31|50|missing_black,7,7,0,7,0,0,7,0,31,1
phase_offset_kind,102|135|frontier_black_collision,7,7,0,7,0,0,0,7,102,1
phase_offset_kind,102|144|frontier_black_collision,7,7,0,7,0,0,0,7,102,1
phase_offset_kind,102|153|frontier_black_collision,7,7,0,7,0,0,0,7,102,1
phase_offset_kind,102|161|frontier_black_collision,7,7,0,7,0,0,0,7,102,1
phase_offset_kind,102|162|frontier_black_collision,7,7,0,7,0,0,0,7,102,1
phase_offset_kind,102|166|frontier_black_collision,7,7,0,7,0,0,0,7,102,1
phase_offset_kind,102|40|frontier_black_collision,7,7,0,7,7,7,0,7,102,1
phase_offset_kind,102|58|frontier_black_collision,7,7,0,7,1,1,0,7,102,1
phase_offset_kind,16|61|missing_black,6,6,0,6,3,3,6,0,16,1
phase_offset_kind,24|95|frontier_black_collision,6,6,0,6,2,2,0,6,24,1
phase_offset_kind,30|101|frontier_black_collision,6,6,0,6,0,0,0,6,30,1
phase_offset_kind,30|207|frontier_black_collision,6,6,0,6,0,0,0,6,30,1
phase_offset_kind,30|41|frontier_black_collision,6,6,0,6,5,5,0,6,30,1
phase_offset_kind,31|204|frontier_black_collision,6,6,0,6,0,0,0,6,31,1
phase_offset_kind,102|121|frontier_black_collision,6,6,0,6,0,0,0,6,102,1
phase_offset_kind,102|138|frontier_black_collision,6,6,0,6,0,0,0,6,102,1
phase_offset_kind,102|181|frontier_black_collision,6,6,0,6,0,0,0,6,102,1
phase_offset_kind,103|161|frontier_black_collision,6,6,0,6,0,0,0,6,103,1
phase_offset_kind,16|54|frontier_black_collision,5,5,0,5,1,1,0,5,16,1
phase_offset_kind,25|56|missing_black,5,5,0,5,2,2,5,0,25,1
phase_offset_kind,30|120|frontier_black_collision,5,5,0,5,0,0,0,5,30,1
phase_offset_kind,30|136|frontier_black_collision,5,5,0,5,0,0,0,5,30,1
phase_offset_kind,30|146|frontier_black_collision,5,5,0,5,0,0,0,5,30,1
phase_offset_kind,30|205|frontier_black_collision,5,5,0,5,0,0,0,5,30,1
phase_offset_kind,30|72|missing_black,5,5,0,5,0,0,5,0,30,1
phase_offset_kind,31|111|frontier_black_collision,5,5,0,5,0,0,0,5,31,1
phase_offset_kind,31|191|frontier_black_collision,5,5,0,5,0,0,0,5,31,1
phase_offset_kind,31|206|frontier_black_collision,5,5,0,5,0,0,0,5,31,1
phase_offset_kind,90|59|frontier_black_collision,5,5,0,5,5,5,0,5,90,1
phase_offset_kind,90|74|frontier_black_collision,5,5,0,5,0,0,0,5,90,1
phase_offset_kind,90|94|missing_black,5,5,0,5,0,0,5,0,90,1
phase_offset_kind,99|81|missing_black,5,5,0,5,1,1,5,0,99,1
phase_offset_kind,99|94|frontier_black_collision,5,5,0,5,0,0,0,5,99,1
phase_offset_kind,100|197|frontier_black_collision,5,5,0,5,0,0,0,5,100,1
phase_offset_kind,100|65|frontier_black_collision,5,5,0,5,1,1,0,5,100,1
phase_offset_kind,100|76|frontier_black_collision,5,5,0,5,1,1,0,5,100,1
phase_offset_kind,102|167|frontier_black_collision,5,5,0,5,0,0,0,5,102,1
phase_offset_kind,102|176|frontier_black_collision,5,5,0,5,0,0,0,5,102,1
phase_offset_kind,102|178|frontier_black_collision,5,5,0,5,0,0,0,5,102,1
phase_offset_kind,102|46|missing_black,5,5,0,5,0,0,5,0,102,1
phase_offset_kind,102|49|frontier_black_collision,5,5,0,5,0,0,0,5,102,1
phase_offset_kind,102|57|frontier_black_collision,5,5,0,5,0,0,0,5,102,1
phase_offset_kind,102|59|frontier_black_collision,5,5,0,5,0,0,0,5,102,1
phase_offset_kind,103|119|frontier_black_collision,5,5,0,5,0,0,0,5,103,1
phase_offset_kind,103|132|frontier_black_collision,5,5,0,5,0,0,0,5,103,1
phase_offset_kind,103|134|frontier_black_collision,5,5,0,5,1,1,0,5,103,1
phase_offset_kind,0|119|frontier_black_collision,4,4,0,4,0,0,0,4,0,1
phase_offset_kind,16|45|frontier_black_collision,4,4,0,4,2,2,0,4,16,1
phase_offset_kind,16|59|frontier_black_collision,4,4,0,4,0,0,0,4,16,1
phase_offset_kind,24|107|frontier_black_collision,4,4,0,4,0,0,0,4,24,1
phase_offset_kind,24|151|frontier_black_collision,4,4,0,4,0,0,0,4,24,1
phase_offset_kind,24|152|frontier_black_collision,4,4,0,4,0,0,0,4,24,1
phase_offset_kind,25|51|missing_black,4,4,0,4,0,0,4,0,25,1
phase_offset_kind,25|52|missing_black,4,4,0,4,2,2,4,0,25,1
phase_offset_kind,25|55|missing_black,4,4,0,4,0,0,4,0,25,1
phase_offset_kind,25|94|frontier_black_collision,4,4,0,4,0,0,0,4,25,1
phase_offset_kind,26|92|frontier_black_collision,4,4,0,4,0,0,0,4,26,1
phase_offset_kind,30|106|frontier_black_collision,4,4,0,4,0,0,0,4,30,1
phase_offset_kind,30|135|frontier_black_collision,4,4,0,4,0,0,0,4,30,1
phase_offset_kind,30|163|frontier_black_collision,4,4,0,4,0,0,0,4,30,1
phase_offset_kind,30|59|frontier_black_collision,4,4,0,4,1,1,0,4,30,1
phase_offset_kind,31|129|frontier_black_collision,4,4,0,4,0,0,0,4,31,1
phase_offset_kind,31|205|frontier_black_collision,4,4,0,4,0,0,0,4,31,1
phase_offset_kind,31|58|frontier_black_collision,4,4,0,4,1,1,0,4,31,1
phase_offset_kind,92|89|missing_black,4,4,0,4,4,4,4,0,92,1
phase_offset_kind,92|92|missing_black,4,4,0,4,0,0,4,0,92,1
phase_offset_kind,98|83|missing_black,4,4,0,4,0,0,4,0,98,1
phase_offset_kind,98|95|frontier_black_collision,4,4,0,4,0,0,0,4,98,1
phase_offset_kind,99|50|frontier_black_collision,4,4,0,4,3,3,0,4,99,1
phase_offset_kind,99|55|missing_black,4,4,0,4,0,0,4,0,99,1
phase_offset_kind,99|65|frontier_black_collision,4,4,0,4,0,0,0,4,99,1
phase_offset_kind,99|75|frontier_black_collision,4,4,0,4,1,1,0,4,99,1
phase_offset_kind,99|76|frontier_black_collision,4,4,0,4,4,4,0,4,99,1
phase_offset_kind,100|178|frontier_black_collision,4,4,0,4,0,0,0,4,100,1
phase_offset_kind,101|79|missing_black,4,4,0,4,1,1,4,0,101,1
phase_offset_kind,101|80|missing_black,4,4,0,4,0,0,4,0,101,1
phase_offset_kind,102|119|frontier_black_collision,4,4,0,4,0,0,0,4,102,1
phase_offset_kind,102|163|frontier_black_collision,4,4,0,4,0,0,0,4,102,1
phase_offset_kind,103|120|frontier_black_collision,4,4,0,4,0,0,0,4,103,1
phase_offset_kind,103|162|frontier_black_collision,4,4,0,4,0,0,0,4,103,1
phase_offset_kind,103|57|frontier_black_collision,4,4,0,4,0,0,0,4,103,1
phase_offset_kind,103|58|frontier_black_collision,4,4,0,4,0,0,0,4,103,1
phase_offset_kind,16|60|missing_black,3,3,0,3,0,0,3,0,16,1
phase_offset_kind,16|82|missing_black,3,3,0,3,0,0,3,0,16,1
phase_offset_kind,21|49|frontier_black_collision,3,3,0,3,2,2,0,3,21,1
phase_offset_kind,21|55|missing_black,3,3,0,3,0,0,3,0,21,1
phase_offset_kind,21|56|missing_black,3,3,0,3,0,0,3,0,21,1
phase_offset_kind,21|59|missing_black,3,3,0,3,0,0,3,0,21,1
phase_offset_kind,21|77|missing_black,3,3,0,3,0,0,3,0,21,1
phase_offset_kind,24|199|frontier_black_collision,3,3,0,3,0,0,0,3,24,1
phase_offset_kind,25|107|frontier_black_collision,3,3,0,3,0,0,0,3,25,1
phase_offset_kind,25|108|frontier_black_collision,3,3,0,3,0,0,0,3,25,1
phase_offset_kind,25|92|frontier_black_collision,3,3,0,3,0,0,0,3,25,1
phase_offset_kind,26|116|frontier_black_collision,3,3,0,3,0,0,0,3,26,1
phase_offset_kind,26|124|frontier_black_collision,3,3,0,3,0,0,0,3,26,1
phase_offset_kind,26|197|frontier_black_collision,3,3,0,3,0,0,0,3,26,1
phase_offset_kind,26|72|missing_black,3,3,0,3,1,1,3,0,26,1
phase_offset_kind,26|73|missing_black,3,3,0,3,0,0,3,0,26,1
phase_offset_kind,26|91|frontier_black_collision,3,3,0,3,0,0,0,3,26,1
phase_offset_kind,30|134|frontier_black_collision,3,3,0,3,0,0,0,3,30,1
phase_offset_kind,30|149|frontier_black_collision,3,3,0,3,0,0,0,3,30,1
phase_offset_kind,31|118|frontier_black_collision,3,3,0,3,0,0,0,3,31,1
phase_offset_kind,31|119|frontier_black_collision,3,3,0,3,0,0,0,3,31,1
phase_offset_kind,31|120|frontier_black_collision,3,3,0,3,0,0,0,3,31,1
phase_offset_kind,31|133|frontier_black_collision,3,3,0,3,0,0,0,3,31,1
phase_offset_kind,31|135|frontier_black_collision,3,3,0,3,0,0,0,3,31,1
phase_offset_kind,31|190|frontier_black_collision,3,3,0,3,0,0,0,3,31,1
phase_offset_kind,31|40|frontier_black_collision,3,3,0,3,3,3,0,3,31,1
phase_offset_kind,31|44|frontier_black_collision,3,3,0,3,2,2,0,3,31,1
phase_offset_kind,90|64|missing_black,3,3,0,3,0,0,3,0,90,1
phase_offset_kind,90|84|frontier_black_collision,3,3,0,3,0,0,0,3,90,1
phase_offset_kind,90|90|missing_black,3,3,0,3,0,0,3,0,90,1
phase_offset_kind,90|91|missing_black,3,3,0,3,0,0,3,0,90,1
phase_offset_kind,97|84|missing_black,3,3,0,3,1,1,3,0,97,1
phase_offset_kind,98|104|missing_black,3,3,0,3,0,0,3,0,98,1
phase_offset_kind,98|105|missing_black,3,3,0,3,0,0,3,0,98,1
phase_offset_kind,98|81|frontier_black_collision,3,3,0,3,0,0,0,3,98,1
phase_offset_kind,98|82|missing_black,3,3,0,3,2,2,3,0,98,1
phase_offset_kind,99|170|frontier_black_collision,3,3,0,3,0,0,0,3,99,1
phase_offset_kind,99|179|frontier_black_collision,3,3,0,3,0,0,0,3,99,1
phase_offset_kind,99|181|frontier_black_collision,3,3,0,3,0,0,0,3,99,1
phase_offset_kind,100|169|frontier_black_collision,3,3,0,3,1,1,0,3,100,1
phase_offset_kind,100|170|frontier_black_collision,3,3,0,3,0,0,0,3,100,1
phase_offset_kind,100|180|frontier_black_collision,3,3,0,3,0,0,0,3,100,1
phase_offset_kind,100|183|frontier_black_collision,3,3,0,3,0,0,0,3,100,1
phase_offset_kind,100|50|frontier_black_collision,3,3,0,3,0,0,0,3,100,1
phase_offset_kind,100|66|frontier_black_collision,3,3,0,3,0,0,0,3,100,1
phase_offset_kind,100|79|frontier_black_collision,3,3,0,3,0,0,0,3,100,1
phase_offset_kind,101|122|frontier_black_collision,3,3,0,3,0,0,0,3,101,1
phase_offset_kind,101|139|frontier_black_collision,3,3,0,3,0,0,0,3,101,1
phase_offset_kind,101|152|frontier_black_collision,3,3,0,3,0,0,0,3,101,1
phase_offset_kind,101|162|frontier_black_collision,3,3,0,3,0,0,0,3,101,1
phase_offset_kind,101|164|frontier_black_collision,3,3,0,3,0,0,0,3,101,1
phase_offset_kind,101|168|frontier_black_collision,3,3,0,3,0,0,0,3,101,1
phase_offset_kind,101|177|frontier_black_collision,3,3,0,3,0,0,0,3,101,1
phase_offset_kind,101|182|frontier_black_collision,3,3,0,3,0,0,0,3,101,1
phase_offset_kind,101|49|frontier_black_collision,3,3,0,3,1,1,0,3,101,1
phase_offset_kind,101|74|frontier_black_collision,3,3,0,3,1,1,0,3,101,1
phase_offset_kind,101|83|missing_black,3,3,0,3,0,0,3,0,101,1
phase_offset_kind,102|133|frontier_black_collision,3,3,0,3,0,0,0,3,102,1
phase_offset_kind,103|118|frontier_black_collision,3,3,0,3,0,0,0,3,103,1
phase_offset_kind,103|151|frontier_black_collision,3,3,0,3,0,0,0,3,103,1
phase_offset_kind,103|152|frontier_black_collision,3,3,0,3,0,0,0,3,103,1
phase_offset_kind,16|116|frontier_black_collision,2,2,0,2,0,0,0,2,16,1
phase_offset_kind,16|117|frontier_black_collision,2,2,0,2,0,0,0,2,16,1
phase_offset_kind,16|133|frontier_black_collision,2,2,0,2,0,0,0,2,16,1
phase_offset_kind,16|134|frontier_black_collision,2,2,0,2,0,0,0,2,16,1
phase_offset_kind,16|144|frontier_black_collision,2,2,0,2,0,0,0,2,16,1
phase_offset_kind,16|145|frontier_black_collision,2,2,0,2,0,0,0,2,16,1
phase_offset_kind,16|177|frontier_black_collision,2,2,0,2,0,0,0,2,16,1
phase_offset_kind,16|205|frontier_black_collision,2,2,0,2,0,0,0,2,16,1
phase_offset_kind,16|41|frontier_black_collision,2,2,0,2,1,1,0,2,16,1
phase_offset_kind,16|46|frontier_black_collision,2,2,0,2,0,0,0,2,16,1
phase_offset_kind,16|73|frontier_black_collision,2,2,0,2,0,0,0,2,16,1
phase_offset_kind,16|83|missing_black,2,2,0,2,0,0,2,0,16,1
phase_offset_kind,16|84|frontier_black_collision,2,2,0,2,0,0,0,2,16,1
phase_offset_kind,21|54|frontier_black_collision,2,2,0,2,0,0,0,2,21,1
phase_offset_kind,21|60|missing_black,2,2,0,2,0,0,2,0,21,1
phase_offset_kind,21|78|missing_black,2,2,0,2,0,0,2,0,21,1
phase_offset_kind,21|79|frontier_black_collision,2,2,0,2,0,0,0,2,21,1
phase_offset_kind,24|135|frontier_black_collision,2,2,0,2,0,0,0,2,24,1
phase_offset_kind,24|141|frontier_black_collision,2,2,0,2,0,0,0,2,24,1
phase_offset_kind,24|142|frontier_black_collision,2,2,0,2,0,0,0,2,24,1
phase_offset_kind,24|197|frontier_black_collision,2,2,0,2,0,0,0,2,24,1
phase_offset_kind,24|57|missing_black,2,2,0,2,0,0,2,0,24,1
phase_offset_kind,24|93|frontier_black_collision,2,2,0,2,0,0,0,2,24,1
phase_offset_kind,24|94|frontier_black_collision,2,2,0,2,0,0,0,2,24,1
phase_offset_kind,25|106|frontier_black_collision,2,2,0,2,0,0,0,2,25,1
phase_offset_kind,25|196|frontier_black_collision,2,2,0,2,0,0,0,2,25,1
phase_offset_kind,25|46|frontier_black_collision,2,2,0,2,1,1,0,2,25,1
phase_offset_kind,25|64|frontier_black_collision,2,2,0,2,1,1,0,2,25,1
phase_offset_kind,25|77|missing_black,2,2,0,2,0,0,2,0,25,1
phase_offset_kind,25|93|frontier_black_collision,2,2,0,2,0,0,0,2,25,1
phase_offset_kind,26|105|frontier_black_collision,2,2,0,2,0,0,0,2,26,1
phase_offset_kind,26|106|frontier_black_collision,2,2,0,2,0,0,0,2,26,1
phase_offset_kind,26|107|frontier_black_collision,2,2,0,2,0,0,0,2,26,1
phase_offset_kind,26|134|frontier_black_collision,2,2,0,2,0,0,0,2,26,1
phase_offset_kind,26|135|frontier_black_collision,2,2,0,2,0,0,0,2,26,1
phase_offset_kind,26|140|frontier_black_collision,2,2,0,2,0,0,0,2,26,1
phase_offset_kind,26|148|frontier_black_collision,2,2,0,2,0,0,0,2,26,1
phase_offset_kind,26|150|frontier_black_collision,2,2,0,2,0,0,0,2,26,1
phase_offset_kind,26|153|frontier_black_collision,2,2,0,2,0,0,0,2,26,1
phase_offset_kind,26|45|frontier_black_collision,2,2,0,2,1,1,0,2,26,1
phase_offset_kind,26|50|missing_black,2,2,0,2,1,1,2,0,26,1
phase_offset_kind,26|51|missing_black,2,2,0,2,0,0,2,0,26,1
phase_offset_kind,30|112|frontier_black_collision,2,2,0,2,0,0,0,2,30,1
phase_offset_kind,30|119|frontier_black_collision,2,2,0,2,0,0,0,2,30,1
phase_offset_kind,30|121|frontier_black_collision,2,2,0,2,0,0,0,2,30,1
phase_offset_kind,30|129|frontier_black_collision,2,2,0,2,0,0,0,2,30,1
phase_offset_kind,30|130|frontier_black_collision,2,2,0,2,0,0,0,2,30,1
phase_offset_kind,30|131|frontier_black_collision,2,2,0,2,0,0,0,2,30,1
phase_offset_kind,30|144|frontier_black_collision,2,2,0,2,0,0,0,2,30,1
phase_offset_kind,30|145|frontier_black_collision,2,2,0,2,0,0,0,2,30,1
phase_offset_kind,30|42|frontier_black_collision,2,2,0,2,0,0,0,2,30,1
phase_offset_kind,31|105|frontier_black_collision,2,2,0,2,0,0,0,2,31,1
phase_offset_kind,31|128|frontier_black_collision,2,2,0,2,0,0,0,2,31,1
phase_offset_kind,31|130|frontier_black_collision,2,2,0,2,0,0,0,2,31,1
phase_offset_kind,31|134|frontier_black_collision,2,2,0,2,0,0,0,2,31,1
phase_offset_kind,31|143|frontier_black_collision,2,2,0,2,0,0,0,2,31,1
phase_offset_kind,31|144|frontier_black_collision,2,2,0,2,0,0,0,2,31,1
phase_offset_kind,31|145|frontier_black_collision,2,2,0,2,0,0,0,2,31,1
phase_offset_kind,31|148|frontier_black_collision,2,2,0,2,0,0,0,2,31,1
phase_offset_kind,31|162|frontier_black_collision,2,2,0,2,0,0,0,2,31,1
phase_offset_kind,31|41|frontier_black_collision,2,2,0,2,0,0,0,2,31,1
phase_offset_kind,97|105|missing_black,2,2,0,2,0,0,2,0,97,1
phase_offset_kind,97|106|missing_black,2,2,0,2,0,0,2,0,97,1
phase_offset_kind,97|57|missing_black,2,2,0,2,1,1,2,0,97,1
phase_offset_kind,97|77|frontier_black_collision,2,2,0,2,0,0,0,2,97,1
phase_offset_kind,97|78|frontier_black_collision,2,2,0,2,1,1,0,2,97,1
phase_offset_kind,97|87|missing_black,2,2,0,2,0,0,2,0,97,1
phase_offset_kind,97|96|frontier_black_collision,2,2,0,2,0,0,0,2,97,1
phase_offset_kind,98|180|frontier_black_collision,2,2,0,2,0,0,0,2,98,1
phase_offset_kind,98|66|frontier_black_collision,2,2,0,2,0,0,0,2,98,1
phase_offset_kind,98|68|frontier_black_collision,2,2,0,2,1,1,0,2,98,1
phase_offset_kind,98|76|frontier_black_collision,2,2,0,2,0,0,0,2,98,1
phase_offset_kind,99|154|frontier_black_collision,2,2,0,2,0,0,0,2,99,1
phase_offset_kind,99|164|frontier_black_collision,2,2,0,2,1,1,0,2,99,1
phase_offset_kind,99|165|frontier_black_collision,2,2,0,2,0,0,0,2,99,1
phase_offset_kind,99|169|frontier_black_collision,2,2,0,2,0,0,0,2,99,1
phase_offset_kind,99|180|frontier_black_collision,2,2,0,2,0,0,0,2,99,1
phase_offset_kind,99|184|frontier_black_collision,2,2,0,2,0,0,0,2,99,1
phase_offset_kind,99|198|frontier_black_collision,2,2,0,2,0,0,0,2,99,1
phase_offset_kind,99|67|frontier_black_collision,2,2,0,2,1,1,0,2,99,1
phase_offset_kind,99|77|frontier_black_collision,2,2,0,2,0,0,0,2,99,1
phase_offset_kind,100|153|frontier_black_collision,2,2,0,2,0,0,0,2,100,1
phase_offset_kind,100|154|frontier_black_collision,2,2,0,2,0,0,0,2,100,1
phase_offset_kind,100|163|frontier_black_collision,2,2,0,2,0,0,0,2,100,1
phase_offset_kind,100|164|frontier_black_collision,2,2,0,2,0,0,0,2,100,1
phase_offset_kind,100|179|frontier_black_collision,2,2,0,2,0,0,0,2,100,1
phase_offset_kind,100|48|missing_black,2,2,0,2,1,1,2,0,100,1
phase_offset_kind,100|59|frontier_black_collision,2,2,0,2,0,0,0,2,100,1
phase_offset_kind,100|60|frontier_black_collision,2,2,0,2,0,0,0,2,100,1
phase_offset_kind,101|101|missing_black,2,2,0,2,0,0,2,0,101,1
phase_offset_kind,101|102|missing_black,2,2,0,2,0,0,2,0,101,1
phase_offset_kind,101|120|frontier_black_collision,2,2,0,2,0,0,0,2,101,1
phase_offset_kind,101|134|frontier_black_collision,2,2,0,2,0,0,0,2,101,1
phase_offset_kind,101|154|frontier_black_collision,2,2,0,2,0,0,0,2,101,1
phase_offset_kind,101|163|frontier_black_collision,2,2,0,2,0,0,0,2,101,1
phase_offset_kind,101|167|frontier_black_collision,2,2,0,2,0,0,0,2,101,1
phase_offset_kind,101|178|frontier_black_collision,2,2,0,2,0,0,0,2,101,1
phase_offset_kind,101|179|frontier_black_collision,2,2,0,2,0,0,0,2,101,1
phase_offset_kind,101|46|frontier_black_collision,2,2,0,2,1,1,0,2,101,1
phase_offset_kind,101|53|missing_black,2,2,0,2,0,0,2,0,101,1
phase_offset_kind,101|63|frontier_black_collision,2,2,0,2,0,0,0,2,101,1
phase_offset_kind,101|65|frontier_black_collision,2,2,0,2,0,0,0,2,101,1
phase_offset_kind,101|78|frontier_black_collision,2,2,0,2,0,0,0,2,101,1
phase_offset_kind,101|92|frontier_black_collision,2,2,0,2,0,0,0,2,101,1
phase_offset_kind,103|143|frontier_black_collision,2,2,0,2,0,0,0,2,103,1
phase_offset_kind,0|279|frontier_black_collision,1,1,0,1,1,1,0,1,0,1
phase_offset_kind,0|373|frontier_black_collision,1,1,0,1,1,1,0,1,0,1
phase_offset_kind,0|488|frontier_black_collision,1,1,0,1,1,1,0,1,0,1
phase_offset_kind,0|685|frontier_black_collision,1,1,0,1,1,1,0,1,0,1
phase_offset_kind,0|799|frontier_black_collision,1,1,0,1,1,1,0,1,0,1
phase_offset_kind,16|120|frontier_black_collision,1,1,0,1,0,0,0,1,16,1
phase_offset_kind,16|143|frontier_black_collision,1,1,0,1,0,0,0,1,16,1
phase_offset_kind,16|148|frontier_black_collision,1,1,0,1,0,0,0,1,16,1
phase_offset_kind,16|149|frontier_black_collision,1,1,0,1,0,0,0,1,16,1
phase_offset_kind,16|150|frontier_black_collision,1,1,0,1,0,0,0,1,16,1
phase_offset_kind,16|159|frontier_black_collision,1,1,0,1,0,0,0,1,16,1
phase_offset_kind,16|163|frontier_black_collision,1,1,0,1,0,0,0,1,16,1
phase_offset_kind,16|206|frontier_black_collision,1,1,0,1,0,0,0,1,16,1
phase_offset_kind,16|207|frontier_black_collision,1,1,0,1,0,0,0,1,16,1
phase_offset_kind,16|40|frontier_black_collision,1,1,0,1,1,1,0,1,16,1
phase_offset_kind,16|55|frontier_black_collision,1,1,0,1,0,0,0,1,16,1
phase_offset_kind,16|56|frontier_black_collision,1,1,0,1,0,0,0,1,16,1
phase_offset_kind,21|144|frontier_black_collision,1,1,0,1,0,0,0,1,21,1
phase_offset_kind,21|145|frontier_black_collision,1,1,0,1,0,0,0,1,21,1
phase_offset_kind,21|153|frontier_black_collision,1,1,0,1,0,0,0,1,21,1
phase_offset_kind,21|40|frontier_black_collision,1,1,0,1,1,1,0,1,21,1
phase_offset_kind,21|50|frontier_black_collision,1,1,0,1,0,0,0,1,21,1
phase_offset_kind,21|51|frontier_black_collision,1,1,0,1,0,0,0,1,21,1
phase_offset_kind,21|68|frontier_black_collision,1,1,0,1,0,0,0,1,21,1
phase_offset_kind,24|108|frontier_black_collision,1,1,0,1,0,0,0,1,24,1
phase_offset_kind,24|109|frontier_black_collision,1,1,0,1,0,0,0,1,24,1
phase_offset_kind,24|118|frontier_black_collision,1,1,0,1,0,0,0,1,24,1
phase_offset_kind,24|125|frontier_black_collision,1,1,0,1,0,0,0,1,24,1
phase_offset_kind,24|126|frontier_black_collision,1,1,0,1,0,0,0,1,24,1
phase_offset_kind,24|127|frontier_black_collision,1,1,0,1,0,0,0,1,24,1
phase_offset_kind,24|137|frontier_black_collision,1,1,0,1,0,0,0,1,24,1
phase_offset_kind,24|140|frontier_black_collision,1,1,0,1,0,0,0,1,24,1
phase_offset_kind,24|155|frontier_black_collision,1,1,0,1,0,0,0,1,24,1
phase_offset_kind,24|1591|frontier_black_collision,1,1,0,1,1,1,0,1,24,1
phase_offset_kind,24|48|frontier_black_collision,1,1,0,1,1,1,0,1,24,1
phase_offset_kind,25|111|frontier_black_collision,1,1,0,1,0,0,0,1,25,1
phase_offset_kind,25|139|frontier_black_collision,1,1,0,1,0,0,0,1,25,1
phase_offset_kind,25|141|frontier_black_collision,1,1,0,1,0,0,0,1,25,1
phase_offset_kind,25|149|frontier_black_collision,1,1,0,1,0,0,0,1,25,1
phase_offset_kind,25|151|frontier_black_collision,1,1,0,1,0,0,0,1,25,1
phase_offset_kind,25|197|frontier_black_collision,1,1,0,1,0,0,0,1,25,1
phase_offset_kind,25|198|frontier_black_collision,1,1,0,1,0,0,0,1,25,1
phase_offset_kind,26|110|frontier_black_collision,1,1,0,1,0,0,0,1,26,1
phase_offset_kind,26|123|frontier_black_collision,1,1,0,1,0,0,0,1,26,1
phase_offset_kind,26|125|frontier_black_collision,1,1,0,1,0,0,0,1,26,1
phase_offset_kind,26|133|frontier_black_collision,1,1,0,1,0,0,0,1,26,1
phase_offset_kind,26|149|frontier_black_collision,1,1,0,1,0,0,0,1,26,1
phase_offset_kind,26|195|frontier_black_collision,1,1,0,1,0,0,0,1,26,1
phase_offset_kind,26|196|frontier_black_collision,1,1,0,1,0,0,0,1,26,1
phase_offset_kind,26|44|frontier_black_collision,1,1,0,1,1,1,0,1,26,1
phase_offset_kind,26|49|frontier_black_collision,1,1,0,1,0,0,0,1,26,1
phase_offset_kind,26|54|missing_black,1,1,0,1,0,0,1,0,26,1
phase_offset_kind,26|55|missing_black,1,1,0,1,0,0,1,0,26,1
phase_offset_kind,26|63|frontier_black_collision,1,1,0,1,0,0,0,1,26,1
phase_offset_kind,26|74|frontier_black_collision,1,1,0,1,0,0,0,1,26,1
phase_offset_kind,26|75|missing_black,1,1,0,1,0,0,1,0,26,1
phase_offset_kind,26|76|missing_black,1,1,0,1,0,0,1,0,26,1
phase_offset_kind,90|207|frontier_black_collision,1,1,0,1,0,0,0,1,90,1
phase_offset_kind,90|85|frontier_black_collision,1,1,0,1,0,0,0,1,90,1
phase_offset_kind,97|166|frontier_black_collision,1,1,0,1,0,0,0,1,97,1
phase_offset_kind,97|167|frontier_black_collision,1,1,0,1,0,0,0,1,97,1
phase_offset_kind,97|171|frontier_black_collision,1,1,0,1,0,0,0,1,97,1
phase_offset_kind,97|181|frontier_black_collision,1,1,0,1,0,0,0,1,97,1
phase_offset_kind,97|186|frontier_black_collision,1,1,0,1,0,0,0,1,97,1
phase_offset_kind,97|52|frontier_black_collision,1,1,0,1,1,1,0,1,97,1
phase_offset_kind,97|67|frontier_black_collision,1,1,0,1,0,0,0,1,97,1
phase_offset_kind,97|68|frontier_black_collision,1,1,0,1,0,0,0,1,97,1
phase_offset_kind,97|79|frontier_black_collision,1,1,0,1,0,0,0,1,97,1
phase_offset_kind,98|137|frontier_black_collision,1,1,0,1,0,0,0,1,98,1
phase_offset_kind,98|139|frontier_black_collision,1,1,0,1,0,0,0,1,98,1
phase_offset_kind,98|142|frontier_black_collision,1,1,0,1,0,0,0,1,98,1
phase_offset_kind,98|148|frontier_black_collision,1,1,0,1,0,0,0,1,98,1
phase_offset_kind,98|155|frontier_black_collision,1,1,0,1,0,0,0,1,98,1
phase_offset_kind,98|156|frontier_black_collision,1,1,0,1,0,0,0,1,98,1
phase_offset_kind,98|165|frontier_black_collision,1,1,0,1,0,0,0,1,98,1
phase_offset_kind,98|170|frontier_black_collision,1,1,0,1,0,0,0,1,98,1
phase_offset_kind,98|172|frontier_black_collision,1,1,0,1,0,0,0,1,98,1
phase_offset_kind,98|182|frontier_black_collision,1,1,0,1,0,0,0,1,98,1
phase_offset_kind,98|44|frontier_black_collision,1,1,0,1,1,1,0,1,98,1
phase_offset_kind,98|50|missing_black,1,1,0,1,0,0,1,0,98,1
phase_offset_kind,98|51|frontier_black_collision,1,1,0,1,1,1,0,1,98,1
phase_offset_kind,98|52|frontier_black_collision,1,1,0,1,0,0,0,1,98,1
phase_offset_kind,98|56|missing_black,1,1,0,1,0,0,1,0,98,1
phase_offset_kind,98|61|frontier_black_collision,1,1,0,1,0,0,0,1,98,1
phase_offset_kind,98|63|frontier_black_collision,1,1,0,1,0,0,0,1,98,1
phase_offset_kind,98|78|frontier_black_collision,1,1,0,1,0,0,0,1,98,1
phase_offset_kind,99|124|frontier_black_collision,1,1,0,1,0,0,0,1,99,1
phase_offset_kind,99|138|frontier_black_collision,1,1,0,1,0,0,0,1,99,1
phase_offset_kind,99|1533|frontier_black_collision,1,1,0,1,1,1,0,1,99,1
phase_offset_kind,99|156|frontier_black_collision,1,1,0,1,0,0,0,1,99,1
phase_offset_kind,99|166|frontier_black_collision,1,1,0,1,0,0,0,1,99,1
phase_offset_kind,99|268|frontier_black_collision,1,1,0,1,1,1,0,1,99,1
phase_offset_kind,99|492|frontier_black_collision,1,1,0,1,1,1,0,1,99,1
phase_offset_kind,99|49|missing_black,1,1,0,1,1,1,1,0,99,1
phase_offset_kind,99|61|frontier_black_collision,1,1,0,1,0,0,0,1,99,1
phase_offset_kind,99|66|frontier_black_collision,1,1,0,1,0,0,0,1,99,1
phase_offset_kind,99|80|frontier_black_collision,1,1,0,1,0,0,0,1,99,1
phase_offset_kind,100|121|frontier_black_collision,1,1,0,1,0,0,0,1,100,1
phase_offset_kind,100|136|frontier_black_collision,1,1,0,1,0,0,0,1,100,1
phase_offset_kind,100|140|frontier_black_collision,1,1,0,1,0,0,0,1,100,1
phase_offset_kind,100|146|frontier_black_collision,1,1,0,1,0,0,0,1,100,1
phase_offset_kind,100|155|frontier_black_collision,1,1,0,1,0,0,0,1,100,1
phase_offset_kind,100|165|frontier_black_collision,1,1,0,1,0,0,0,1,100,1
phase_offset_kind,100|168|frontier_black_collision,1,1,0,1,0,0,0,1,100,1
phase_offset_kind,100|273|frontier_black_collision,1,1,0,1,1,1,0,1,100,1
phase_offset_kind,100|42|frontier_black_collision,1,1,0,1,1,1,0,1,100,1
phase_offset_kind,100|47|frontier_black_collision,1,1,0,1,0,0,0,1,100,1
phase_offset_kind,100|51|frontier_black_collision,1,1,0,1,0,0,0,1,100,1
phase_offset_kind,101|121|frontier_black_collision,1,1,0,1,0,0,0,1,101,1
phase_offset_kind,101|136|frontier_black_collision,1,1,0,1,0,0,0,1,101,1
phase_offset_kind,101|145|frontier_black_collision,1,1,0,1,0,0,0,1,101,1
phase_offset_kind,101|169|frontier_black_collision,1,1,0,1,0,0,0,1,101,1
phase_offset_kind,101|196|frontier_black_collision,1,1,0,1,0,0,0,1,101,1
phase_offset_kind,101|41|frontier_black_collision,1,1,0,1,1,1,0,1,101,1
phase_offset_kind,101|47|missing_black,1,1,0,1,0,0,1,0,101,1
phase_offset_kind,101|48|frontier_black_collision,1,1,0,1,1,1,0,1,101,1
phase_offset_kind,101|58|frontier_black_collision,1,1,0,1,0,0,0,1,101,1
phase_offset_kind,101|59|frontier_black_collision,1,1,0,1,0,0,0,1,101,1
phase_offset_kind,101|60|frontier_black_collision,1,1,0,1,0,0,0,1,101,1
phase_offset_kind,101|73|frontier_black_collision,1,1,0,1,0,0,0,1,101,1
phase_offset_kind,101|75|frontier_black_collision,1,1,0,1,0,0,0,1,101,1
phase_offset_kind,103|133|frontier_black_collision,1,1,0,1,0,0,0,1,103,1
phase_offset_kind,103|298|frontier_black_collision,1,1,0,1,1,1,0,1,103,1
phase_offset_kind,103|488|frontier_black_collision,1,1,0,1,1,1,0,1,103,1
component,0|99|-2|1|1,183,183,0,183,17,17,183,0,0,1
component,0|77|-5|0|1,164,164,0,164,39,39,164,0,0,1
component,0|80|-4|0|1,149,149,0,149,0,0,149,0,0,1
component,0|98|-3|1|1,125,125,0,125,24,24,125,0,0,1
component,103|99|0|-3|1,107,107,0,107,9,9,107,0,103,1
component,0|76|-6|0|1,105,105,0,105,21,21,105,0,0,1
component,0|45|-5|-2|0,96,96,0,96,78,78,0,96,0,1
component,0|89|-7|0|0,93,93,0,93,3,3,0,93,0,1
component,103|81|1|-4|1,93,93,0,93,0,0,93,0,103,1
component,0|70|-7|-1|0,90,90,0,90,16,16,0,90,0,1
component,0|60|-6|-2|0,86,86,0,86,0,0,0,86,0,1
component,0|50|-5|-1|1,81,81,0,81,2,2,81,0,0,1
component,0|71|-8|-1|0,81,81,0,81,28,28,0,81,0,1
component,103|77|1|-6|1,81,81,0,81,1,1,81,0,103,1
component,103|61|3|-6|0,80,80,0,80,0,0,0,80,103,1
component,0|61|-7|-2|0,69,69,0,69,17,17,0,69,0,1
component,0|193|-9|-2|0,68,68,0,68,0,0,0,68,0,1
component,103|78|1|-5|1,67,67,0,67,2,2,67,0,103,1
component,0|175|-10|-3|0,64,64,0,64,0,0,0,64,0,1
component,0|75|-6|-1|0,64,64,0,64,0,0,0,64,0,1
component,30|71|0|-3|1,63,63,0,63,28,28,63,0,30,1
component,103|46|3|-5|0,59,59,0,59,49,49,0,59,103,1
component,103|51|2|-5|1,59,59,0,59,1,1,59,0,103,1
component,103|71|2|-7|0,58,58,0,58,1,1,0,58,103,1
component,0|72|-8|-2|0,57,57,0,57,1,1,0,57,0,1
component,0|174|-9|-3|0,56,56,0,56,0,0,0,56,0,1
component,103|73|3|-8|0,56,56,0,56,0,0,0,56,103,1
component,103|62|3|-7|0,53,53,0,53,4,4,0,53,103,1
component,0|179|-8|-3|0,51,51,0,51,0,0,0,51,0,1
component,103|90|1|-7|0,46,46,0,46,0,0,0,46,103,1
component,103|47|4|-5|0,43,43,0,43,1,1,0,43,103,1
component,0|165|-9|-4|0,40,40,0,40,1,1,0,40,0,1
component,103|45|3|-4|1,40,40,0,40,35,35,40,0,103,1
component,103|48|4|-4|0,40,40,0,40,0,0,0,40,103,1
component,103|76|2|-6|0,40,40,0,40,0,0,0,40,103,1
component,0|149|-7|-4|0,38,38,0,38,0,0,0,38,0,1
component,0|176|-10|-4|0,38,38,0,38,0,0,0,38,0,1
component,0|62|-7|-3|0,35,35,0,35,2,2,0,35,0,1
component,30|69|1|-4|1,35,35,0,35,3,3,35,0,30,1
component,103|194|3|-9|0,35,35,0,35,0,0,0,35,103,1
component,24|74|-3|3|1,34,34,0,34,14,14,34,0,24,1
component,30|68|2|-4|1,34,34,0,34,9,9,34,0,30,1
component,103|100|0|-2|1,33,33,0,33,1,1,33,0,103,1
component,24|77|-1|2|1,32,32,0,32,16,16,32,0,24,1
component,102|101|-3|0|1,32,32,0,32,0,0,32,0,102,1
component,0|46|-5|-3|0,31,31,0,31,3,3,0,31,0,1
component,0|159|-8|-5|0,30,30,0,30,0,0,0,30,0,1
component,30|47|4|-3|1,30,30,0,30,20,20,30,0,30,1
component,102|100|-4|0|1,30,30,0,30,8,8,30,0,102,1
component,0|164|-8|-4|0,29,29,0,29,0,0,0,29,0,1
component,0|166|-9|-5|0,29,29,0,29,0,0,0,29,0,1
component,24|76|-2|2|0,29,29,0,29,4,4,0,29,24,1
component,0|160|-8|-6|0,28,28,0,28,1,1,0,28,0,1
component,30|87|2|1|0,26,26,0,26,2,2,0,26,30,1
component,102|79|-6|-1|1,26,26,0,26,2,2,26,0,102,1
component,30|50|3|-3|1,25,25,0,25,0,0,25,0,30,1
component,31|67|-4|-1|1,25,25,0,25,12,12,25,0,31,1
component,31|88|2|0|0,25,25,0,25,0,0,0,25,31,1
component,103|72|2|-8|0,25,25,0,25,7,7,0,25,103,1
component,0|57|-5|-4|0,24,24,0,24,1,1,0,24,0,1
component,0|161|-7|-6|0,23,23,0,23,0,0,0,23,0,1
component,0|55|-6|-3|0,23,23,0,23,5,5,0,23,0,1
component,102|78|-7|-1|1,23,23,0,23,0,0,23,0,102,1
component,0|43|-4|-1|0,22,22,0,22,22,22,0,22,0,1
component,31|70|-3|1|1,22,22,0,22,5,5,22,0,31,1
component,102|91|-8|-1|0,22,22,0,22,0,0,0,22,102,1
component,0|150|-7|-5|0,21,21,0,21,1,1,0,21,0,1
component,24|53|-5|2|1,21,21,0,21,7,7,21,0,24,1
component,31|68|-4|0|1,21,21,0,21,4,4,21,0,31,1
component,31|71|-2|1|1,20,20,0,20,1,1,20,0,31,1
component,102|62|-7|-3|0,20,20,0,20,0,0,0,20,102,1
component,102|82|-5|-1|1,20,20,0,20,0,0,20,0,102,1
component,0|56|-6|-4|0,19,19,0,19,5,5,0,19,0,1
component,31|49|-3|-2|1,19,19,0,19,0,0,19,0,31,1
component,103|175|4|-9|0,19,19,0,19,0,0,0,19,103,1
component,103|180|4|-8|0,19,19,0,19,0,0,0,19,103,1
component,0|131|-4|-5|0,18,18,0,18,0,0,0,18,0,1
component,0|151|-6|-5|0,18,18,0,18,0,0,0,18,0,1
component,0|44|-4|-2|1,18,18,0,18,11,11,18,0,0,1
component,24|75|-2|3|1,18,18,0,18,4,4,18,0,24,1
component,30|103|2|3|0,18,18,0,18,0,0,0,18,30,1
component,30|88|2|2|0,18,18,0,18,0,0,0,18,30,1
component,30|89|1|2|0,18,18,0,18,0,0,0,18,30,1
component,102|47|-6|-3|0,18,18,0,18,13,13,0,18,102,1
component,102|52|-6|-2|1,18,18,0,18,2,2,18,0,102,1
component,103|176|4|-10|0,18,18,0,18,0,0,0,18,103,1
component,0|47|-4|-3|0,17,17,0,17,1,1,0,17,0,1
component,30|193|3|4|0,17,17,0,17,0,0,0,17,30,1
component,31|102|3|-1|0,17,17,0,17,0,0,0,17,31,1
component,103|63|4|-7|0,17,17,0,17,0,0,0,17,103,1
component,30|86|1|1|1,16,16,0,16,1,1,16,0,30,1
component,31|100|2|-2|0,16,16,0,16,0,0,0,16,31,1
component,31|46|-3|-3|1,16,16,0,16,13,13,16,0,31,1
component,24|52|-6|2|1,15,15,0,15,5,5,15,0,24,1
component,24|65|-7|2|0,15,15,0,15,0,0,0,15,24,1
component,100|103|-2|-1|1,15,15,0,15,0,0,15,0,100,1
component,102|73|-9|-2|0,15,15,0,15,4,4,0,15,102,1
component,102|74|-9|-3|0,15,15,0,15,0,0,0,15,102,1
component,103|166|5|-9|0,15,15,0,15,0,0,0,15,103,1
component,0|136|-4|-4|0,14,14,0,14,0,0,0,14,0,1
component,25|73|-3|-2|1,14,14,0,14,5,5,14,0,25,1
component,31|101|3|-2|0,14,14,0,14,0,0,0,14,31,1
component,31|86|1|-1|0,14,14,0,14,0,0,0,14,31,1
component,100|81|-5|-2|1,14,14,0,14,1,1,14,0,100,1
component,102|63|-8|-3|0,14,14,0,14,3,3,0,14,102,1
component,102|72|-8|-2|0,14,14,0,14,1,1,0,14,102,1
component,102|77|-7|-2|0,14,14,0,14,0,0,0,14,102,1
component,0|132|-4|-6|0,13,13,0,13,0,0,0,13,0,1
component,99|103|-2|3|1,13,13,0,13,2,2,13,0,99,1
component,99|82|-3|5|1,13,13,0,13,4,4,13,0,99,1
component,103|177|5|-10|0,13,13,0,13,0,0,0,13,103,1
component,103|56|4|-6|0,13,13,0,13,0,0,0,13,103,1
component,30|70|1|-3|0,12,12,0,12,0,0,0,12,30,1
component,31|85|1|0|1,12,12,0,12,0,0,12,0,31,1
component,31|87|2|-1|0,12,12,0,12,0,0,0,12,31,1
component,100|102|-3|-1|1,12,12,0,12,3,3,12,0,100,1
component,0|142|-5|-5|0,11,11,0,11,0,0,0,11,0,1
component,25|74|-3|-1|1,11,11,0,11,2,2,11,0,25,1
component,25|75|-2|-1|0,11,11,0,11,1,1,0,11,25,1
component,100|80|-6|-2|1,11,11,0,11,2,2,11,0,100,1
component,102|45|-5|-2|0,11,11,0,11,6,6,0,11,102,1
component,103|44|2|-4|0,11,11,0,11,11,11,0,11,103,1
component,0|118|-3|-5|0,10,10,0,10,0,0,0,10,0,1
component,24|47|-8|1|0,10,10,0,10,10,10,0,10,24,1
component,24|56|-4|2|1,10,10,0,10,0,0,10,0,24,1
component,25|76|-2|0|1,10,10,0,10,2,2,10,0,25,1
component,30|192|4|4|0,10,10,0,10,0,0,0,10,30,1
component,30|45|5|-2|0,10,10,0,10,2,2,0,10,30,1
component,99|104|-2|2|1,10,10,0,10,0,0,10,0,99,1
component,99|85|-3|4|1,10,10,0,10,0,0,10,0,99,1
component,100|54|-5|-3|1,10,10,0,10,1,1,10,0,100,1
component,100|84|-4|-2|1,10,10,0,10,0,0,10,0,100,1
component,103|150|5|-7|0,10,10,0,10,0,0,0,10,103,1
component,103|160|6|-8|0,10,10,0,10,0,0,0,10,103,1
component,24|51|-6|1|0,9,9,0,9,1,1,0,9,24,1
component,25|45|-1|-6|0,9,9,0,9,9,9,0,9,25,1
component,30|206|5|5|0,9,9,0,9,0,0,0,9,30,1
component,30|40|6|-2|0,9,9,0,9,9,9,0,9,30,1
component,30|46|5|-3|1,9,9,0,9,3,3,9,0,30,1
component,30|51|2|-3|1,9,9,0,9,0,0,9,0,30,1
component,31|192|4|-2|0,9,9,0,9,0,0,0,9,31,1
component,31|69|-3|0|0,9,9,0,9,0,0,0,9,31,1
component,100|49|-5|-4|0,9,9,0,9,9,9,0,9,100,1
component,100|74|-7|-3|0,9,9,0,9,0,0,0,9,100,1
component,102|195|-10|-3|0,9,9,0,9,0,0,0,9,102,1
component,102|64|-8|-4|0,9,9,0,9,0,0,0,9,102,1
component,103|137|5|-4|0,9,9,0,9,0,0,0,9,103,1
component,24|46|-7|1|0,8,8,0,8,8,8,0,8,24,1
component,25|50|-1|-5|0,8,8,0,8,0,0,0,8,25,1
component,30|191|4|3|0,8,8,0,8,0,0,0,8,30,1
component,100|64|-6|-4|0,8,8,0,8,0,0,0,8,100,1
component,100|75|-8|-3|0,8,8,0,8,2,2,0,8,100,1
component,100|93|-7|-2|0,8,8,0,8,0,0,0,8,100,1
component,102|120|-4|-6|0,8,8,0,8,0,0,0,8,102,1
component,102|134|-5|-7|0,8,8,0,8,0,0,0,8,102,1
component,102|151|-8|-5|0,8,8,0,8,0,0,0,8,102,1
component,102|152|-8|-6|0,8,8,0,8,0,0,0,8,102,1
component,102|168|-10|-6|0,8,8,0,8,0,0,0,8,102,1
component,102|177|-11|-4|0,8,8,0,8,0,0,0,8,102,1
component,102|48|-6|-4|0,8,8,0,8,0,0,0,8,102,1
component,103|165|5|-8|0,8,8,0,8,0,0,0,8,103,1
component,103|167|6|-9|0,8,8,0,8,0,0,0,8,103,1
component,0|117|-3|-4|0,7,7,0,7,0,0,0,7,0,1
component,0|133|-3|-6|0,7,7,0,7,0,0,0,7,0,1
component,16|64|4|-2|1,7,7,0,7,0,0,7,0,16,1
component,24|169|-9|0|0,7,7,0,7,0,0,0,7,24,1
component,24|78|-1|1|1,7,7,0,7,0,0,7,0,24,1
component,30|102|3|3|0,7,7,0,7,0,0,0,7,30,1
component,31|45|-3|-4|1,7,7,0,7,4,4,7,0,31,1
component,31|50|-3|-1|1,7,7,0,7,0,0,7,0,31,1
component,102|135|-4|-7|0,7,7,0,7,0,0,0,7,102,1
component,102|144|-6|-6|0,7,7,0,7,0,0,0,7,102,1
component,102|153|-7|-6|0,7,7,0,7,0,0,0,7,102,1
component,102|161|-9|-6|0,7,7,0,7,0,0,0,7,102,1
component,102|162|-9|-7|0,7,7,0,7,0,0,0,7,102,1
component,102|166|-9|-5|0,7,7,0,7,0,0,0,7,102,1
component,102|40|-4|-4|0,7,7,0,7,7,7,0,7,102,1
component,102|58|-7|-5|0,7,7,0,7,1,1,0,7,102,1
component,16|61|5|-2|1,6,6,0,6,3,3,6,0,16,1
component,24|95|-2|-3|0,6,6,0,6,2,2,0,6,24,1
component,30|101|3|2|0,6,6,0,6,0,0,0,6,30,1
component,30|207|4|5|0,6,6,0,6,0,0,0,6,30,1
component,30|41|7|-2|0,6,6,0,6,5,5,0,6,30,1
component,31|204|4|-4|0,6,6,0,6,0,0,0,6,31,1
component,102|121|-3|-6|0,6,6,0,6,0,0,0,6,102,1
component,102|138|-5|-5|0,6,6,0,6,0,0,0,6,102,1
component,102|181|-9|-4|0,6,6,0,6,0,0,0,6,102,1
component,103|161|7|-8|0,6,6,0,6,0,0,0,6,103,1
component,16|54|7|-1|0,5,5,0,5,1,1,0,5,16,1
component,25|56|-2|-2|1,5,5,0,5,2,2,5,0,25,1
component,30|120|6|2|0,5,5,0,5,0,0,0,5,30,1
component,30|136|8|2|0,5,5,0,5,0,0,0,5,30,1
component,30|146|9|1|0,5,5,0,5,0,0,0,5,30,1
component,30|205|5|4|0,5,5,0,5,0,0,0,5,30,1
component,30|72|0|-2|1,5,5,0,5,0,0,5,0,30,1
component,31|111|2|-3|0,5,5,0,5,0,0,0,5,31,1
component,31|191|4|-3|0,5,5,0,5,0,0,0,5,31,1
component,31|206|5|-3|0,5,5,0,5,0,0,0,5,31,1
component,90|59|0|-3|0,5,5,0,5,5,5,0,5,90,1
component,90|74|-1|-3|0,5,5,0,5,0,0,0,5,90,1
component,90|94|1|-1|1,5,5,0,5,0,0,5,0,90,1
component,99|81|-3|6|1,5,5,0,5,1,1,5,0,99,1
component,99|94|-3|7|0,5,5,0,5,0,0,0,5,99,1
component,100|197|-9|-4|0,5,5,0,5,0,0,0,5,100,1
component,100|65|-7|-4|0,5,5,0,5,1,1,0,5,100,1
component,100|76|-8|-4|0,5,5,0,5,1,1,0,5,100,1
component,102|167|-10|-5|0,5,5,0,5,0,0,0,5,102,1
component,102|176|-10|-4|0,5,5,0,5,0,0,0,5,102,1
component,102|178|-11|-5|0,5,5,0,5,0,0,0,5,102,1
component,102|46|-5|-3|1,5,5,0,5,0,0,5,0,102,1
component,102|49|-5|-4|0,5,5,0,5,0,0,0,5,102,1
component,102|57|-7|-4|0,5,5,0,5,0,0,0,5,102,1
component,102|59|-6|-5|0,5,5,0,5,0,0,0,5,102,1
component,103|119|6|-3|0,5,5,0,5,0,0,0,5,103,1
component,103|132|6|-4|0,5,5,0,5,0,0,0,5,103,1
component,103|134|7|-3|0,5,5,0,5,1,1,0,5,103,1
component,0|119|-2|-5|0,4,4,0,4,0,0,0,4,0,1
component,16|45|7|0|0,4,4,0,4,2,2,0,4,16,1
component,16|59|6|-1|0,4,4,0,4,0,0,0,4,16,1
component,24|107|-4|-3|0,4,4,0,4,0,0,0,4,24,1
component,24|151|-10|-1|0,4,4,0,4,0,0,0,4,24,1
component,24|152|-10|-2|0,4,4,0,4,0,0,0,4,24,1
component,25|51|-2|-5|1,4,4,0,4,0,0,4,0,25,1
component,25|52|-2|-4|1,4,4,0,4,2,2,4,0,25,1
component,25|55|-2|-3|1,4,4,0,4,0,0,4,0,25,1
component,25|94|3|-1|0,4,4,0,4,0,0,0,4,25,1
component,26|92|-2|-2|0,4,4,0,4,0,0,0,4,26,1
component,30|106|3|1|0,4,4,0,4,0,0,0,4,30,1
component,30|135|8|1|0,4,4,0,4,0,0,0,4,30,1
component,30|163|8|-1|0,4,4,0,4,0,0,0,4,30,1
component,30|59|6|-3|0,4,4,0,4,1,1,0,4,30,1
component,31|129|3|-6|0,4,4,0,4,0,0,0,4,31,1
component,31|205|5|-4|0,4,4,0,4,0,0,0,4,31,1
component,31|58|-3|-5|0,4,4,0,4,1,1,0,4,31,1
component,92|89|1|2|1,4,4,0,4,4,4,4,0,92,1
component,92|92|0|2|1,4,4,0,4,0,0,4,0,92,1
component,98|83|4|3|1,4,4,0,4,0,0,4,0,98,1
component,98|95|6|3|0,4,4,0,4,0,0,0,4,98,1
component,99|50|-5|5|0,4,4,0,4,3,3,0,4,99,1
component,99|55|-4|5|1,4,4,0,4,0,0,4,0,99,1
component,99|65|-5|6|0,4,4,0,4,0,0,0,4,99,1
component,99|75|-4|7|0,4,4,0,4,1,1,0,4,99,1
component,99|76|-4|8|0,4,4,0,4,4,4,0,4,99,1
component,100|178|-9|-5|0,4,4,0,4,0,0,0,4,100,1
component,101|79|-2|7|1,4,4,0,4,1,1,4,0,101,1
component,101|80|-2|6|1,4,4,0,4,0,0,4,0,101,1
component,102|119|-4|-5|0,4,4,0,4,0,0,0,4,102,1
component,102|163|-8|-7|0,4,4,0,4,0,0,0,4,102,1
component,103|120|6|-2|0,4,4,0,4,0,0,0,4,103,1
component,103|162|7|-7|0,4,4,0,4,0,0,0,4,103,1
component,103|57|5|-6|0,4,4,0,4,0,0,0,4,103,1
component,103|58|5|-5|0,4,4,0,4,0,0,0,4,103,1
component,16|60|6|-2|1,3,3,0,3,0,0,3,0,16,1
component,16|82|3|-3|1,3,3,0,3,0,0,3,0,16,1
component,21|49|1|-6|0,3,3,0,3,2,2,0,3,21,1
component,21|55|0|-5|1,3,3,0,3,0,0,3,0,21,1
component,21|56|0|-4|1,3,3,0,3,0,0,3,0,21,1
component,21|59|0|-3|1,3,3,0,3,0,0,3,0,21,1
component,21|77|-1|-2|1,3,3,0,3,0,0,3,0,21,1
component,24|199|-4|-5|0,3,3,0,3,0,0,0,3,24,1
component,25|107|4|-3|0,3,3,0,3,0,0,0,3,25,1
component,25|108|4|-2|0,3,3,0,3,0,0,0,3,25,1
component,25|92|2|-2|0,3,3,0,3,0,0,0,3,25,1
component,26|116|-4|-2|0,3,3,0,3,0,0,0,3,26,1
component,26|124|-6|-2|0,3,3,0,3,0,0,0,3,26,1
component,26|197|-3|-4|0,3,3,0,3,0,0,0,3,26,1
component,26|72|-2|4|1,3,3,0,3,1,1,3,0,26,1
component,26|73|-1|4|1,3,3,0,3,0,0,3,0,26,1
component,26|91|-2|-1|0,3,3,0,3,0,0,0,3,26,1
component,30|134|7|1|0,3,3,0,3,0,0,0,3,30,1
component,30|149|7|0|0,3,3,0,3,0,0,0,3,30,1
component,31|118|1|-5|0,3,3,0,3,0,0,0,3,31,1
component,31|119|2|-5|0,3,3,0,3,0,0,0,3,31,1
component,31|120|2|-4|0,3,3,0,3,0,0,0,3,31,1
component,31|133|1|-6|0,3,3,0,3,0,0,0,3,31,1
component,31|135|2|-7|0,3,3,0,3,0,0,0,3,31,1
component,31|190|3|-3|0,3,3,0,3,0,0,0,3,31,1
component,31|40|-2|-6|0,3,3,0,3,3,3,0,3,31,1
component,31|44|-2|-4|0,3,3,0,3,2,2,0,3,31,1
component,90|64|0|-2|1,3,3,0,3,0,0,3,0,90,1
component,90|84|-2|-2|0,3,3,0,3,0,0,0,3,90,1
component,90|90|-1|-1|1,3,3,0,3,0,0,3,0,90,1
component,90|91|0|-1|1,3,3,0,3,0,0,3,0,90,1
component,97|84|-2|4|1,3,3,0,3,1,1,3,0,97,1
component,98|104|2|2|1,3,3,0,3,0,0,3,0,98,1
component,98|105|1|2|1,3,3,0,3,0,0,3,0,98,1
component,98|81|5|4|0,3,3,0,3,0,0,0,3,98,1
component,98|82|5|3|1,3,3,0,3,2,2,3,0,98,1
component,99|170|-7|9|0,3,3,0,3,0,0,0,3,99,1
component,99|179|-6|9|0,3,3,0,3,0,0,0,3,99,1
component,99|181|-7|10|0,3,3,0,3,0,0,0,3,99,1
component,100|169|-9|-6|0,3,3,0,3,1,1,0,3,100,1
component,100|170|-9|-7|0,3,3,0,3,0,0,0,3,100,1
component,100|180|-10|-6|0,3,3,0,3,0,0,0,3,100,1
component,100|183|-8|-5|0,3,3,0,3,0,0,0,3,100,1
component,100|50|-5|-5|0,3,3,0,3,0,0,0,3,100,1
component,100|66|-7|-5|0,3,3,0,3,0,0,0,3,100,1
component,100|79|-6|-3|0,3,3,0,3,0,0,0,3,100,1
component,101|122|-7|3|0,3,3,0,3,0,0,0,3,101,1
component,101|139|-6|5|0,3,3,0,3,0,0,0,3,101,1
component,101|152|-6|8|0,3,3,0,3,0,0,0,3,101,1
component,101|162|-7|9|0,3,3,0,3,0,0,0,3,101,1
component,101|164|-8|8|0,3,3,0,3,0,0,0,3,101,1
component,101|168|-6|10|0,3,3,0,3,0,0,0,3,101,1
component,101|177|-5|10|0,3,3,0,3,0,0,0,3,101,1
component,101|182|-5|9|0,3,3,0,3,0,0,0,3,101,1
component,101|49|-5|6|0,3,3,0,3,1,1,0,3,101,1
component,101|74|-3|9|0,3,3,0,3,1,1,0,3,101,1
component,101|83|-2|5|1,3,3,0,3,0,0,3,0,101,1
component,102|133|-5|-6|0,3,3,0,3,0,0,0,3,102,1
component,103|118|5|-3|0,3,3,0,3,0,0,0,3,103,1
component,103|151|6|-7|0,3,3,0,3,0,0,0,3,103,1
component,103|152|6|-6|0,3,3,0,3,0,0,0,3,103,1
component,16|116|4|4|0,2,2,0,2,0,0,0,2,16,1
component,16|117|3|4|0,2,2,0,2,0,0,0,2,16,1
component,16|133|7|2|0,2,2,0,2,0,0,0,2,16,1
component,16|134|7|3|0,2,2,0,2,0,0,0,2,16,1
component,16|144|8|4|0,2,2,0,2,0,0,0,2,16,1
component,16|145|7|4|0,2,2,0,2,0,0,0,2,16,1
component,16|177|9|0|0,2,2,0,2,0,0,0,2,16,1
component,16|205|5|4|0,2,2,0,2,0,0,0,2,16,1
component,16|41|5|2|0,2,2,0,2,1,1,0,2,16,1
component,16|46|7|1|0,2,2,0,2,0,0,0,2,16,1
component,16|73|7|-2|0,2,2,0,2,0,0,0,2,16,1
component,16|83|2|-3|1,2,2,0,2,0,0,2,0,16,1
component,16|84|2|-2|0,2,2,0,2,0,0,0,2,16,1
component,21|54|1|-5|0,2,2,0,2,0,0,0,2,21,1
component,21|60|0|-2|1,2,2,0,2,0,0,2,0,21,1
component,21|78|-1|-1|1,2,2,0,2,0,0,2,0,21,1
component,21|79|0|-1|0,2,2,0,2,0,0,0,2,21,1
component,24|135|-8|-3|0,2,2,0,2,0,0,0,2,24,1
component,24|141|-9|-2|0,2,2,0,2,0,0,0,2,24,1
component,24|142|-9|-3|0,2,2,0,2,0,0,0,2,24,1
component,24|197|-5|-4|0,2,2,0,2,0,0,0,2,24,1
component,24|57|-3|2|1,2,2,0,2,0,0,2,0,24,1
component,24|93|-3|-2|0,2,2,0,2,0,0,0,2,24,1
component,24|94|-3|-3|0,2,2,0,2,0,0,0,2,24,1
component,25|106|3|-3|0,2,2,0,2,0,0,0,2,25,1
component,25|196|4|-4|0,2,2,0,2,0,0,0,2,25,1
component,25|46|-1|-7|0,2,2,0,2,1,1,0,2,25,1
component,25|64|-2|-6|0,2,2,0,2,1,1,0,2,25,1
component,25|77|-1|0|1,2,2,0,2,0,0,2,0,25,1
component,25|93|3|-2|0,2,2,0,2,0,0,0,2,25,1
component,26|105|-3|-2|0,2,2,0,2,0,0,0,2,26,1
component,26|106|-3|-3|0,2,2,0,2,0,0,0,2,26,1
component,26|107|-2|-3|0,2,2,0,2,0,0,0,2,26,1
component,26|134|-7|-3|0,2,2,0,2,0,0,0,2,26,1
component,26|135|-6|-3|0,2,2,0,2,0,0,0,2,26,1
component,26|140|-8|-2|0,2,2,0,2,0,0,0,2,26,1
component,26|148|-8|0|0,2,2,0,2,0,0,0,2,26,1
component,26|150|-9|-1|0,2,2,0,2,0,0,0,2,26,1
component,26|153|-7|0|0,2,2,0,2,0,0,0,2,26,1
component,26|45|-7|2|0,2,2,0,2,1,1,0,2,26,1
component,26|50|-5|3|1,2,2,0,2,1,1,2,0,26,1
component,26|51|-4|3|1,2,2,0,2,0,0,2,0,26,1
component,30|112|4|2|0,2,2,0,2,0,0,0,2,30,1
component,30|119|6|1|0,2,2,0,2,0,0,0,2,30,1
component,30|121|5|2|0,2,2,0,2,0,0,0,2,30,1
component,30|129|7|2|0,2,2,0,2,0,0,0,2,30,1
component,30|130|7|3|0,2,2,0,2,0,0,0,2,30,1
component,30|131|6|3|0,2,2,0,2,0,0,0,2,30,1
component,30|144|8|0|0,2,2,0,2,0,0,0,2,30,1
component,30|145|9|0|0,2,2,0,2,0,0,0,2,30,1
component,30|42|7|-1|0,2,2,0,2,0,0,0,2,30,1
component,31|105|1|-2|0,2,2,0,2,0,0,0,2,31,1
component,31|128|2|-6|0,2,2,0,2,0,0,0,2,31,1
component,31|130|3|-5|0,2,2,0,2,0,0,0,2,31,1
component,31|134|1|-7|0,2,2,0,2,0,0,0,2,31,1
component,31|143|0|-7|0,2,2,0,2,0,0,0,2,31,1
component,31|144|0|-8|0,2,2,0,2,0,0,0,2,31,1
component,31|145|1|-8|0,2,2,0,2,0,0,0,2,31,1
component,31|148|0|-6|0,2,2,0,2,0,0,0,2,31,1
component,31|162|-1|-7|0,2,2,0,2,0,0,0,2,31,1
component,31|41|-1|-6|0,2,2,0,2,0,0,0,2,31,1
component,97|105|-1|2|1,2,2,0,2,0,0,2,0,97,1
component,97|106|-1|1|1,2,2,0,2,0,0,2,0,97,1
component,97|57|-3|4|1,2,2,0,2,1,1,2,0,97,1
component,97|77|-3|6|0,2,2,0,2,0,0,0,2,97,1
component,97|78|-3|7|0,2,2,0,2,1,1,0,2,97,1
component,97|87|-2|3|1,2,2,0,2,0,0,2,0,97,1
component,97|96|-2|6|0,2,2,0,2,0,0,0,2,97,1
component,98|180|8|6|0,2,2,0,2,0,0,0,2,98,1
component,98|66|5|5|0,2,2,0,2,0,0,0,2,98,1
component,98|68|6|6|0,2,2,0,2,1,1,0,2,98,1
component,98|76|6|4|0,2,2,0,2,0,0,0,2,98,1
component,99|154|-7|7|0,2,2,0,2,0,0,0,2,99,1
component,99|164|-8|8|0,2,2,0,2,1,1,0,2,99,1
component,99|165|-9|8|0,2,2,0,2,0,0,0,2,99,1
component,99|169|-7|8|0,2,2,0,2,0,0,0,2,99,1
component,99|180|-6|10|0,2,2,0,2,0,0,0,2,99,1
component,99|184|-6|8|0,2,2,0,2,0,0,0,2,99,1
component,99|198|-5|9|0,2,2,0,2,0,0,0,2,99,1
component,99|67|-6|7|0,2,2,0,2,1,1,0,2,99,1
component,99|77|-5|8|0,2,2,0,2,0,0,0,2,99,1
component,100|153|-7|-6|0,2,2,0,2,0,0,0,2,100,1
component,100|154|-7|-7|0,2,2,0,2,0,0,0,2,100,1
component,100|163|-8|-7|0,2,2,0,2,0,0,0,2,100,1
component,100|164|-8|-8|0,2,2,0,2,0,0,0,2,100,1
component,100|179|-10|-5|0,2,2,0,2,0,0,0,2,100,1
component,100|48|-4|-4|1,2,2,0,2,1,1,2,0,100,1
component,100|59|-6|-5|0,2,2,0,2,0,0,0,2,100,1
component,100|60|-6|-6|0,2,2,0,2,0,0,0,2,100,1
component,101|101|-1|4|1,2,2,0,2,0,0,2,0,101,1
component,101|102|-1|3|1,2,2,0,2,0,0,2,0,101,1
component,101|120|-6|4|0,2,2,0,2,0,0,0,2,101,1
component,101|134|-7|5|0,2,2,0,2,0,0,0,2,101,1
component,101|154|-7|7|0,2,2,0,2,0,0,0,2,101,1
component,101|163|-8|9|0,2,2,0,2,0,0,0,2,101,1
component,101|167|-6|9|0,2,2,0,2,0,0,0,2,101,1
component,101|178|-5|11|0,2,2,0,2,0,0,0,2,101,1
component,101|179|-6|11|0,2,2,0,2,0,0,0,2,101,1
component,101|46|-3|5|0,2,2,0,2,1,1,0,2,101,1
component,101|53|-3|6|1,2,2,0,2,0,0,2,0,101,1
component,101|63|-4|7|0,2,2,0,2,0,0,0,2,101,1
component,101|65|-5|8|0,2,2,0,2,0,0,0,2,101,1
component,101|78|-3|7|0,2,2,0,2,0,0,0,2,101,1
component,101|92|-2|8|0,2,2,0,2,0,0,0,2,101,1
component,103|143|6|-5|0,2,2,0,2,0,0,0,2,103,1
component,0|279|-12|-5|0,1,1,0,1,1,1,0,1,0,1
component,0|373|-13|-8|0,1,1,0,1,1,1,0,1,0,1
component,0|488|-16|-10|0,1,1,0,1,1,1,0,1,0,1
component,0|685|-19|-14|0,1,1,0,1,1,1,0,1,0,1
component,0|799|-22|-15|0,1,1,0,1,1,1,0,1,0,1
component,16|120|4|2|0,1,1,0,1,0,0,0,1,16,1
component,16|143|8|3|0,1,1,0,1,0,0,0,1,16,1
component,16|148|8|2|0,1,1,0,1,0,0,0,1,16,1
component,16|149|9|2|0,1,1,0,1,0,0,0,1,16,1
component,16|150|9|3|0,1,1,0,1,0,0,0,1,16,1
component,16|159|10|1|0,1,1,0,1,0,0,0,1,16,1
component,16|163|8|1|0,1,1,0,1,0,0,0,1,16,1
component,16|206|5|5|0,1,1,0,1,0,0,0,1,16,1
component,16|207|4|5|0,1,1,0,1,0,0,0,1,16,1
component,16|40|6|2|0,1,1,0,1,1,1,0,1,16,1
component,16|55|8|-1|0,1,1,0,1,0,0,0,1,16,1
component,16|56|8|0|0,1,1,0,1,0,0,0,1,16,1
component,21|144|4|-8|0,1,1,0,1,0,0,0,1,21,1
component,21|145|5|-8|0,1,1,0,1,0,0,0,1,21,1
component,21|153|3|-8|0,1,1,0,1,0,0,0,1,21,1
component,21|40|2|-6|0,1,1,0,1,1,1,0,1,21,1
component,21|50|1|-7|0,1,1,0,1,0,0,0,1,21,1
component,21|51|2|-7|0,1,1,0,1,0,0,0,1,21,1
component,21|68|0|-6|0,1,1,0,1,0,0,0,1,21,1
component,24|108|-4|-4|0,1,1,0,1,0,0,0,1,24,1
component,24|109|-3|-4|0,1,1,0,1,0,0,0,1,24,1
component,24|118|-5|-3|0,1,1,0,1,0,0,0,1,24,1
component,24|125|-7|-2|0,1,1,0,1,0,0,0,1,24,1
component,24|126|-7|-3|0,1,1,0,1,0,0,0,1,24,1
component,24|127|-6|-3|0,1,1,0,1,0,0,0,1,24,1
component,24|137|-7|-4|0,1,1,0,1,0,0,0,1,24,1
component,24|140|-8|-2|0,1,1,0,1,0,0,0,1,24,1
component,24|155|-8|-1|0,1,1,0,1,0,0,0,1,24,1
component,24|1591|-36|-31|0,1,1,0,1,1,1,0,1,24,1
component,24|48|-8|0|0,1,1,0,1,1,1,0,1,24,1
component,25|111|2|-3|0,1,1,0,1,0,0,0,1,25,1
component,25|139|2|-7|0,1,1,0,1,0,0,0,1,25,1
component,25|141|3|-8|0,1,1,0,1,0,0,0,1,25,1
component,25|149|1|-8|0,1,1,0,1,0,0,0,1,25,1
component,25|151|2|-9|0,1,1,0,1,0,0,0,1,25,1
component,25|197|5|-4|0,1,1,0,1,0,0,0,1,25,1
component,25|198|5|-3|0,1,1,0,1,0,0,0,1,25,1
component,26|110|-3|-1|0,1,1,0,1,0,0,0,1,26,1
component,26|123|-6|-1|0,1,1,0,1,0,0,0,1,26,1
component,26|125|-5|-2|0,1,1,0,1,0,0,0,1,26,1
component,26|133|-7|-2|0,1,1,0,1,0,0,0,1,26,1
component,26|149|-9|0|0,1,1,0,1,0,0,0,1,26,1
component,26|195|-4|-3|0,1,1,0,1,0,0,0,1,26,1
component,26|196|-4|-4|0,1,1,0,1,0,0,0,1,26,1
component,26|44|-6|2|0,1,1,0,1,1,1,0,1,26,1
component,26|49|-5|2|0,1,1,0,1,0,0,0,1,26,1
component,26|54|-3|3|1,1,1,0,1,0,0,1,0,26,1
component,26|55|-2|3|1,1,1,0,1,0,0,1,0,26,1
component,26|63|-6|3|0,1,1,0,1,0,0,0,1,26,1
component,26|74|-1|3|0,1,1,0,1,0,0,0,1,26,1
component,26|75|0|3|1,1,1,0,1,0,0,1,0,26,1
component,26|76|0|2|1,1,1,0,1,0,0,1,0,26,1
component,90|207|-4|-3|0,1,1,0,1,0,0,0,1,90,1
component,90|85|-3|-2|0,1,1,0,1,0,0,0,1,90,1
component,97|166|-7|7|0,1,1,0,1,0,0,0,1,97,1
component,97|167|-8|7|0,1,1,0,1,0,0,0,1,97,1
component,97|171|-6|7|0,1,1,0,1,0,0,0,1,97,1
component,97|181|-5|8|0,1,1,0,1,0,0,0,1,97,1
component,97|186|-5|7|0,1,1,0,1,0,0,0,1,97,1
component,97|52|-4|4|0,1,1,0,1,1,1,0,1,97,1
component,97|67|-4|5|0,1,1,0,1,0,0,0,1,97,1
component,97|68|-4|6|0,1,1,0,1,0,0,0,1,97,1
component,97|79|-4|7|0,1,1,0,1,0,0,0,1,97,1
component,98|137|3|8|0,1,1,0,1,0,0,0,1,98,1
component,98|139|2|9|0,1,1,0,1,0,0,0,1,98,1
component,98|142|3|7|0,1,1,0,1,0,0,0,1,98,1
component,98|148|4|8|0,1,1,0,1,0,0,0,1,98,1
component,98|155|6|7|0,1,1,0,1,0,0,0,1,98,1
component,98|156|6|8|0,1,1,0,1,0,0,0,1,98,1
component,98|165|7|8|0,1,1,0,1,0,0,0,1,98,1
component,98|170|7|7|0,1,1,0,1,0,0,0,1,98,1
component,98|172|8|8|0,1,1,0,1,0,0,0,1,98,1
component,98|182|9|7|0,1,1,0,1,0,0,0,1,98,1
component,98|44|2|6|0,1,1,0,1,1,1,0,1,98,1
component,98|50|3|5|1,1,1,0,1,0,0,1,0,98,1
component,98|51|4|5|0,1,1,0,1,1,1,0,1,98,1
component,98|52|4|6|0,1,1,0,1,0,0,0,1,98,1
component,98|56|4|4|1,1,1,0,1,0,0,1,0,98,1
component,98|61|5|6|0,1,1,0,1,0,0,0,1,98,1
component,98|63|4|7|0,1,1,0,1,0,0,0,1,98,1
component,98|78|7|5|0,1,1,0,1,0,0,0,1,98,1
component,99|124|-8|2|0,1,1,0,1,0,0,0,1,99,1
component,99|138|-9|3|0,1,1,0,1,0,0,0,1,99,1
component,99|1533|-33|36|0,1,1,0,1,1,1,0,1,99,1
component,99|156|-8|6|0,1,1,0,1,0,0,0,1,99,1
component,99|166|-9|7|0,1,1,0,1,0,0,0,1,99,1
component,99|268|-10|10|0,1,1,0,1,1,1,0,1,99,1
component,99|492|-12|16|0,1,1,0,1,1,1,0,1,99,1
component,99|49|-5|4|1,1,1,0,1,1,1,1,0,99,1
component,99|61|-7|6|0,1,1,0,1,0,0,0,1,99,1
component,99|66|-5|7|0,1,1,0,1,0,0,0,1,99,1
component,99|80|-4|6|0,1,1,0,1,0,0,0,1,99,1
component,100|121|-3|-6|0,1,1,0,1,0,0,0,1,100,1
component,100|136|-4|-8|0,1,1,0,1,0,0,0,1,100,1
component,100|140|-4|-6|0,1,1,0,1,0,0,0,1,100,1
component,100|146|-5|-7|0,1,1,0,1,0,0,0,1,100,1
component,100|155|-6|-7|0,1,1,0,1,0,0,0,1,100,1
component,100|165|-7|-8|0,1,1,0,1,0,0,0,1,100,1
component,100|168|-8|-6|0,1,1,0,1,0,0,0,1,100,1
component,100|273|-11|-8|0,1,1,0,1,1,1,0,1,100,1
component,100|42|-3|-5|0,1,1,0,1,1,1,0,1,100,1
component,100|47|-4|-3|0,1,1,0,1,0,0,0,1,100,1
component,100|51|-4|-5|0,1,1,0,1,0,0,0,1,100,1
component,101|121|-7|4|0,1,1,0,1,0,0,0,1,101,1
component,101|136|-8|4|0,1,1,0,1,0,0,0,1,101,1
component,101|145|-7|6|0,1,1,0,1,0,0,0,1,101,1
component,101|169|-7|10|0,1,1,0,1,0,0,0,1,101,1
component,101|196|-4|10|0,1,1,0,1,0,0,0,1,101,1
component,101|41|-5|4|0,1,1,0,1,1,1,0,1,101,1
component,101|47|-4|5|1,1,1,0,1,0,0,1,0,101,1
component,101|48|-4|6|0,1,1,0,1,1,1,0,1,101,1
component,101|58|-5|7|0,1,1,0,1,0,0,0,1,101,1
component,101|59|-6|7|0,1,1,0,1,0,0,0,1,101,1
component,101|60|-6|6|0,1,1,0,1,0,0,0,1,101,1
component,101|73|-3|8|0,1,1,0,1,0,0,0,1,101,1
component,101|75|-4|9|0,1,1,0,1,0,0,0,1,101,1
component,103|133|7|-4|0,1,1,0,1,0,0,0,1,103,1
component,103|298|5|-11|0,1,1,0,1,1,1,0,1,103,1
component,103|488|10|-16|0,1,1,0,1,1,1,0,1,103,1
