idx,pair_index,prev_lock_index,next_lock_index,gap,prev_start,next_start,prev_phase,next_phase,prev_ok,next_ok,prev_bad_kind,next_bad_kind,prev_bad_offset,next_bad_offset,same_phase,same_bad_kind,same_critical_cell,critical_l1,prev_start_mod8,next_start_mod8,prev_start_mod16,next_start_mod16
0,0,0,1,3781,11757,15538,30,30,0,0,missing_black,missing_black,71,47,1,1,0,41,5,2,13,2
0,1,1,2,10911,15538,26449,30,0,0,0,missing_black,frontier_black_collision,47,71,0,0,0,53,2,1,2,1
0,2,2,3,2490,26449,28939,0,0,0,0,frontier_black_collision,frontier_black_collision,71,56,1,1,0,37,1,3,1,11
0,3,3,4,5628,28939,34567,0,103,0,0,frontier_black_collision,missing_black,56,99,0,0,0,33,3,7,11,7
0,4,4,5,1859,34567,36426,103,0,0,0,missing_black,frontier_black_collision,99,56,0,0,0,54,7,2,7,10
0,5,5,6,4060,36426,40486,0,103,0,0,frontier_black_collision,missing_black,56,45,0,0,0,25,2,6,10,6
0,6,6,7,2150,40486,42636,103,0,0,0,missing_black,frontier_black_collision,45,45,0,0,0,38,6,4,6,12
0,7,7,8,1460,42636,44096,0,0,0,0,frontier_black_collision,missing_black,45,77,1,0,0,8,4,0,12,0
0,8,8,9,3355,44096,47451,0,101,0,0,missing_black,frontier_black_collision,77,49,0,0,0,31,0,3,0,11
0,9,9,10,11991,47451,59442,101,24,0,0,frontier_black_collision,frontier_black_collision,49,48,0,1,0,80,3,2,11,2
0,10,10,11,55762,59442,115204,24,0,0,0,frontier_black_collision,frontier_black_collision,48,43,0,1,0,23,2,4,2,4
0,11,11,12,31437,115204,146641,0,103,0,0,frontier_black_collision,frontier_black_collision,43,46,0,1,0,56,4,1,4,1
0,12,12,13,4895,146641,151536,103,0,0,0,frontier_black_collision,missing_black,46,99,0,0,0,28,1,0,1,0
0,13,13,14,148,151536,151684,0,100,0,0,missing_black,frontier_black_collision,99,169,0,0,0,16,0,4,0,4
0,14,14,15,11343,151684,163027,100,0,0,0,frontier_black_collision,frontier_black_collision,169,45,0,1,0,27,4,3,4,3
0,15,15,16,1855,163027,164882,0,0,0,0,frontier_black_collision,missing_black,45,76,1,0,0,10,3,2,3,2
0,16,16,17,111,164882,164993,0,99,0,0,missing_black,missing_black,76,82,0,1,0,3,2,1,2,1
0,17,17,18,6653,164993,171646,99,103,0,0,missing_black,missing_black,82,45,0,1,0,144,1,6,1,14
0,18,18,19,34803,171646,206449,103,0,0,0,missing_black,frontier_black_collision,45,43,0,0,0,13,6,1,14,1
0,19,19,20,9766,206449,216215,0,24,0,0,frontier_black_collision,frontier_black_collision,43,47,0,1,0,148,1,7,1,7
0,20,20,21,56993,216215,273208,24,25,0,0,frontier_black_collision,frontier_black_collision,47,45,0,1,0,119,7,0,7,8
0,21,21,22,303,273208,273511,25,0,0,0,frontier_black_collision,missing_black,45,76,0,0,0,44,0,7,8,7
0,22,22,23,224,273511,273735,0,0,0,0,missing_black,frontier_black_collision,76,70,1,0,0,6,7,7,7,7
0,23,23,24,947,273735,274682,0,103,0,0,frontier_black_collision,frontier_black_collision,70,46,0,1,0,3,7,2,7,10
0,24,24,25,1773,274682,276455,103,0,0,0,frontier_black_collision,frontier_black_collision,46,45,0,1,0,34,2,7,10,7
0,25,25,26,8914,276455,285369,0,26,0,0,frontier_black_collision,missing_black,45,72,0,0,0,47,7,1,7,9
0,26,26,27,1905,285369,287274,26,0,0,0,missing_black,missing_black,72,99,0,1,0,50,1,2,9,10
0,27,27,28,6654,287274,293928,0,0,0,0,missing_black,frontier_black_collision,99,45,1,0,0,124,2,0,10,8
0,28,28,29,1317,293928,295245,0,31,0,0,frontier_black_collision,missing_black,45,71,0,0,0,19,0,5,8,13
0,29,29,30,4045,295245,299290,31,24,0,0,missing_black,missing_black,71,77,0,1,0,7,5,2,13,10
0,30,30,31,11087,299290,310377,24,25,0,0,missing_black,frontier_black_collision,77,45,0,0,0,141,2,1,10,9
0,31,31,32,686,310377,311063,25,0,0,0,frontier_black_collision,missing_black,45,76,0,0,0,7,1,7,9,7
0,32,32,33,2159,311063,313222,0,100,0,0,missing_black,missing_black,76,102,0,1,0,47,7,6,7,6
0,33,33,34,136,313222,313358,100,100,0,1,missing_black,,102,,1,,,,6,6,6,14
1,0,0,1,10709,912,11621,0,30,0,0,frontier_black_collision,missing_black,61,47,0,0,0,27,0,5,0,5
1,1,1,2,4520,11621,16141,30,30,0,0,missing_black,missing_black,47,86,1,1,0,9,5,5,5,13
1,2,2,3,160,16141,16301,30,0,0,0,missing_black,frontier_black_collision,86,45,0,0,0,5,5,5,13,13
1,3,3,4,14548,16301,30849,0,0,0,0,frontier_black_collision,missing_black,45,77,1,0,0,26,5,1,13,1
1,4,4,5,8933,30849,39782,0,103,0,0,missing_black,frontier_black_collision,77,46,0,0,0,32,1,6,1,6
1,5,5,6,8366,39782,48148,103,25,0,0,frontier_black_collision,frontier_black_collision,46,45,0,1,0,13,6,4,6,4
1,6,6,7,8500,48148,56648,25,97,0,0,frontier_black_collision,frontier_black_collision,45,52,0,1,0,3,4,0,4,8
1,7,7,8,13520,56648,70168,97,0,0,0,frontier_black_collision,frontier_black_collision,52,45,0,1,0,107,0,0,8,8
1,8,8,9,7358,70168,77526,0,24,0,0,frontier_black_collision,missing_black,45,77,0,0,0,62,0,6,8,6
1,9,9,10,13772,77526,91298,24,0,0,0,missing_black,missing_black,77,77,0,1,0,88,6,2,6,2
1,10,10,11,4221,91298,95519,0,0,0,0,missing_black,frontier_black_collision,77,45,1,0,0,57,2,7,2,15
1,11,11,12,4170,95519,99689,0,103,0,0,frontier_black_collision,frontier_black_collision,45,134,0,1,0,119,7,1,15,9
1,12,12,13,14843,99689,114532,103,0,0,0,frontier_black_collision,missing_black,134,76,0,0,0,65,1,4,9,4
1,13,13,14,37164,114532,151696,0,30,0,0,missing_black,missing_black,76,46,0,1,0,32,4,0,4,0
1,14,14,15,7932,151696,159628,30,0,0,0,missing_black,frontier_black_collision,46,45,0,0,0,129,0,4,0,12
1,15,15,16,3498,159628,163126,0,0,0,0,frontier_black_collision,frontier_black_collision,45,45,1,1,0,30,4,6,12,6
1,16,16,17,1441,163126,164567,0,0,0,0,frontier_black_collision,frontier_black_collision,45,160,1,1,0,24,6,7,6,7
1,17,17,18,18766,164567,183333,0,0,0,0,frontier_black_collision,frontier_black_collision,160,45,1,1,0,135,7,5,7,5
1,18,18,19,4203,183333,187536,0,102,0,0,frontier_black_collision,missing_black,45,79,0,0,0,87,5,0,5,0
1,19,19,20,34470,187536,222006,102,31,0,0,missing_black,missing_black,79,46,0,1,0,119,0,6,0,6
1,20,20,21,7695,222006,229701,31,0,0,0,missing_black,missing_black,46,76,0,1,0,109,6,5,6,5
1,21,21,22,42945,229701,272646,0,0,0,0,missing_black,frontier_black_collision,76,45,1,0,0,92,5,6,5,6
1,22,22,23,6281,272646,278927,0,30,0,0,frontier_black_collision,missing_black,45,71,0,0,0,159,6,7,6,15
1,23,23,24,8954,278927,287881,30,30,0,0,missing_black,frontier_black_collision,71,87,1,0,0,178,7,1,15,9
1,24,24,25,5931,287881,293812,30,103,0,0,frontier_black_collision,frontier_black_collision,87,298,0,1,0,90,1,4,9,4
1,25,25,26,1426,293812,295238,103,25,0,0,frontier_black_collision,missing_black,298,76,0,0,0,26,4,6,4,6
1,26,26,27,12439,295238,307677,25,103,0,0,missing_black,missing_black,76,45,0,1,0,172,6,5,6,13
1,27,27,28,229,307677,307906,103,0,0,1,missing_black,,45,,0,,,,5,2,13,2
2,0,0,1,9410,776,10186,24,30,0,0,missing_black,missing_black,52,47,0,1,0,37,0,2,8,10
2,1,1,2,4452,10186,14638,30,0,0,0,missing_black,frontier_black_collision,47,45,0,0,0,42,2,6,10,14
2,2,2,3,17105,14638,31743,0,103,0,0,frontier_black_collision,missing_black,45,45,0,0,0,35,6,7,14,15
2,3,3,4,18442,31743,50185,103,0,0,0,missing_black,frontier_black_collision,45,43,0,0,0,38,7,1,15,9
2,4,4,5,3761,50185,53946,0,103,0,0,frontier_black_collision,frontier_black_collision,43,46,0,1,0,46,1,2,9,10
2,5,5,6,9028,53946,62974,103,103,0,0,frontier_black_collision,frontier_black_collision,46,46,1,1,0,20,2,6,10,14
2,6,6,7,4317,62974,67291,103,101,0,0,frontier_black_collision,frontier_black_collision,46,74,0,1,0,31,6,3,14,11
2,7,7,8,1376,67291,68667,101,103,0,0,frontier_black_collision,frontier_black_collision,74,44,0,1,0,26,3,3,11,11
2,8,8,9,3245,68667,71912,103,24,0,0,frontier_black_collision,frontier_black_collision,44,95,0,1,0,58,3,0,11,8
2,9,9,10,25799,71912,97711,24,25,0,0,frontier_black_collision,missing_black,95,73,0,0,0,39,0,7,8,15
2,10,10,11,3402,97711,101113,25,103,0,0,missing_black,frontier_black_collision,73,44,0,0,0,97,7,1,15,9
2,11,11,12,10120,101113,111233,103,31,0,0,frontier_black_collision,frontier_black_collision,44,40,0,1,0,40,1,1,9,1
2,12,12,13,69,111233,111302,31,24,0,0,frontier_black_collision,frontier_black_collision,40,46,0,1,0,5,1,6,1,6
2,13,13,14,969,111302,112271,24,0,0,0,frontier_black_collision,frontier_black_collision,46,55,0,1,0,42,6,7,6,15
2,14,14,15,8160,112271,120431,0,30,0,0,frontier_black_collision,missing_black,55,47,0,0,0,90,7,7,15,15
2,15,15,16,1387,120431,121818,30,102,0,0,missing_black,missing_black,47,100,0,1,0,116,7,2,15,10
2,16,16,17,341,121818,122159,102,31,0,0,missing_black,missing_black,100,70,0,1,0,5,2,7,10,15
2,17,17,18,18134,122159,140293,31,0,0,0,missing_black,missing_black,70,77,0,1,0,127,7,5,15,5
2,18,18,19,22049,140293,162342,0,0,0,0,missing_black,frontier_black_collision,77,150,1,0,0,46,5,6,5,6
2,19,19,20,7780,162342,170122,0,0,0,0,frontier_black_collision,missing_black,150,77,1,0,0,89,6,2,6,10
2,20,20,21,1361,170122,171483,0,31,0,0,missing_black,missing_black,77,67,0,1,0,41,2,3,10,11
2,21,21,22,6897,171483,178380,31,24,0,0,missing_black,frontier_black_collision,67,46,0,0,0,58,3,4,11,12
2,22,22,23,6977,178380,185357,24,102,0,0,frontier_black_collision,frontier_black_collision,46,58,0,1,0,23,4,5,12,13
2,23,23,24,10871,185357,196228,102,25,0,0,frontier_black_collision,missing_black,58,73,0,0,0,74,5,4,13,4
2,24,24,25,29080,196228,225308,25,0,0,0,missing_black,frontier_black_collision,73,45,0,0,0,100,4,4,4,12
2,25,25,26,62053,225308,287361,0,103,0,0,frontier_black_collision,missing_black,45,45,0,0,0,203,4,1,12,1
2,26,26,27,13222,287361,300583,103,0,0,0,missing_black,frontier_black_collision,45,45,0,0,0,64,1,7,1,7
2,27,27,28,1315,300583,301898,0,24,0,0,frontier_black_collision,missing_black,45,75,0,0,0,67,7,2,7,10
2,28,28,29,194,301898,302092,24,98,0,1,missing_black,,75,,0,,,,2,4,10,12
3,0,0,1,895,2649,3544,102,25,0,0,missing_black,frontier_black_collision,100,45,0,0,0,32,1,0,9,8
3,1,1,2,418,3544,3962,25,31,0,0,frontier_black_collision,missing_black,45,67,0,0,0,8,0,2,8,10
3,2,2,3,5585,3962,9547,31,0,0,0,missing_black,frontier_black_collision,67,43,0,0,0,15,2,3,10,11
3,3,3,4,7245,9547,16792,0,0,0,0,frontier_black_collision,missing_black,43,76,1,0,0,30,3,0,11,8
3,4,4,5,140,16792,16932,0,0,0,0,missing_black,missing_black,76,77,1,1,0,3,0,4,8,4
3,5,5,6,10924,16932,27856,0,100,0,0,missing_black,missing_black,77,54,0,1,0,5,4,0,4,0
3,6,6,7,11649,27856,39505,100,30,0,0,missing_black,missing_black,54,47,0,1,0,28,0,1,0,1
3,7,7,8,9066,39505,48571,30,0,0,0,missing_black,missing_black,47,77,0,1,0,68,1,3,1,11
3,8,8,9,2835,48571,51406,0,0,0,0,missing_black,frontier_black_collision,77,45,1,0,0,55,3,6,11,14
3,9,9,10,12730,51406,64136,0,30,0,0,frontier_black_collision,missing_black,45,69,0,0,0,52,6,0,14,8
3,10,10,11,2008,64136,66144,30,0,0,0,missing_black,frontier_black_collision,69,70,0,0,0,23,0,0,8,0
3,11,11,12,675,66144,66819,0,103,0,0,frontier_black_collision,frontier_black_collision,70,46,0,1,0,3,0,3,0,3
3,12,12,13,18925,66819,85744,103,0,0,0,frontier_black_collision,missing_black,46,44,0,0,0,105,3,0,3,0
3,13,13,14,646,85744,86390,0,30,0,0,missing_black,missing_black,44,71,0,1,0,13,0,6,0,6
3,14,14,15,9390,86390,95780,30,103,0,0,missing_black,frontier_black_collision,71,62,0,0,0,129,6,4,6,4
3,15,15,16,4016,95780,99796,103,30,0,0,frontier_black_collision,missing_black,62,68,0,0,0,140,4,4,4,4
3,16,16,17,77,99796,99873,30,0,0,0,missing_black,frontier_black_collision,68,71,0,0,0,10,4,1,4,1
3,17,17,18,4030,99873,103903,0,98,0,0,frontier_black_collision,frontier_black_collision,71,51,0,1,0,4,1,7,1,15
3,18,18,19,8387,103903,112290,98,0,0,0,frontier_black_collision,missing_black,51,99,0,0,0,55,7,2,15,2
3,19,19,20,132,112290,112422,0,0,0,0,missing_black,missing_black,99,99,1,1,0,4,2,6,2,6
3,20,20,21,103,112422,112525,0,99,0,0,missing_black,frontier_black_collision,99,268,0,0,0,20,6,5,6,13
3,21,21,22,5600,112525,118125,99,31,0,0,frontier_black_collision,missing_black,268,46,0,0,0,106,5,5,13,13
3,22,22,23,15019,118125,133144,31,30,0,0,missing_black,missing_black,46,71,0,1,0,48,5,0,13,8
3,23,23,24,73,133144,133217,30,100,0,0,missing_black,frontier_black_collision,71,49,0,0,0,11,0,1,8,1
3,24,24,25,3252,133217,136469,100,24,0,0,frontier_black_collision,missing_black,49,77,0,0,1,0,1,5,1,5
3,25,25,26,13907,136469,150376,24,103,0,0,missing_black,frontier_black_collision,77,72,0,0,0,12,5,0,5,8
3,26,26,27,4795,150376,155171,103,21,0,0,frontier_black_collision,frontier_black_collision,72,40,0,1,0,83,0,3,8,3
3,27,27,28,44382,155171,199553,21,0,0,0,frontier_black_collision,missing_black,40,50,0,0,0,40,3,1,3,1
3,28,28,29,2632,199553,202185,0,31,0,0,missing_black,missing_black,50,46,0,1,0,24,1,1,1,9
3,29,29,30,19220,202185,221405,31,0,0,0,missing_black,frontier_black_collision,46,43,0,0,0,171,1,5,9,13
3,30,30,31,19745,221405,241150,0,24,0,0,frontier_black_collision,frontier_black_collision,43,47,0,1,0,115,5,6,13,14
3,31,31,32,5456,241150,246606,24,102,0,0,frontier_black_collision,frontier_black_collision,47,47,0,1,0,26,6,6,14,14
3,32,32,33,6297,246606,252903,102,0,0,0,frontier_black_collision,missing_black,47,98,0,0,0,46,6,7,14,7
3,33,33,34,107,252903,253010,0,0,0,0,missing_black,missing_black,98,77,1,1,0,6,7,2,7,2
3,34,34,35,15559,253010,268569,0,31,0,0,missing_black,missing_black,77,46,0,1,0,132,2,1,2,9
3,35,35,36,1141,268569,269710,31,0,0,0,missing_black,frontier_black_collision,46,71,0,0,0,20,1,6,9,14
3,36,36,37,143,269710,269853,0,99,0,0,frontier_black_collision,frontier_black_collision,71,76,0,1,0,4,6,5,14,13
3,37,37,38,169,269853,270022,99,100,0,0,frontier_black_collision,frontier_black_collision,76,76,0,1,0,5,5,6,13,6
3,38,38,39,17143,270022,287165,100,103,0,0,frontier_black_collision,frontier_black_collision,76,46,0,1,0,39,6,5,6,13
3,39,39,40,4232,287165,291397,103,25,0,1,frontier_black_collision,,46,,0,,,,5,5,13,5
4,0,0,1,107,5581,5688,0,0,0,0,missing_black,frontier_black_collision,98,62,1,0,0,11,5,0,13,8
4,1,1,2,23385,5688,29073,0,102,0,0,frontier_black_collision,frontier_black_collision,62,40,0,1,0,35,0,1,8,1
4,2,2,3,3373,29073,32446,102,0,0,0,frontier_black_collision,missing_black,40,44,0,0,0,27,1,6,1,14
4,3,3,4,14598,32446,47044,0,0,0,0,missing_black,frontier_black_collision,44,685,1,0,0,39,6,4,14,4
4,4,4,5,4274,47044,51318,0,103,0,0,frontier_black_collision,missing_black,685,45,0,0,0,90,4,6,4,6
4,5,5,6,693,51318,52011,103,31,0,0,missing_black,missing_black,45,67,0,1,0,5,6,3,6,11
4,6,6,7,217,52011,52228,31,0,0,0,missing_black,missing_black,67,99,0,1,0,3,3,4,11,4
4,7,7,8,886,52228,53114,0,30,0,0,missing_black,missing_black,99,47,0,1,0,24,4,2,4,10
4,8,8,9,4639,53114,57753,30,30,0,0,missing_black,missing_black,47,47,1,1,0,43,2,1,10,9
4,9,9,10,1887,57753,59640,30,24,0,0,missing_black,missing_black,47,77,0,1,0,45,1,0,9,8
4,10,10,11,281,59640,59921,24,0,0,0,missing_black,frontier_black_collision,77,70,0,0,0,24,0,1,8,1
4,11,11,12,164,59921,60085,0,100,0,0,frontier_black_collision,frontier_black_collision,70,49,0,1,0,3,1,5,1,5
4,12,12,13,2362,60085,62447,100,31,0,0,frontier_black_collision,missing_black,49,46,0,0,0,9,5,7,5,15
4,13,13,14,19936,62447,82383,31,0,0,0,missing_black,frontier_black_collision,46,45,0,0,0,35,7,7,15,15
4,14,14,15,15212,82383,97595,0,103,0,0,frontier_black_collision,missing_black,45,45,0,0,0,60,7,3,15,11
4,15,15,16,21665,97595,119260,103,102,0,0,missing_black,frontier_black_collision,45,40,0,0,0,154,3,4,11,12
4,16,16,17,15679,119260,134939,102,0,0,0,frontier_black_collision,frontier_black_collision,40,43,0,1,0,140,4,3,12,11
4,17,17,18,516,134939,135455,0,31,0,0,frontier_black_collision,missing_black,43,46,0,0,0,35,3,7,11,15
4,18,18,19,13021,135455,148476,31,30,0,0,missing_black,frontier_black_collision,46,41,0,0,0,26,7,4,15,12
4,19,19,20,1920,148476,150396,30,24,0,0,frontier_black_collision,missing_black,41,74,0,0,0,3,4,4,12,12
4,20,20,21,17566,150396,167962,24,0,0,0,missing_black,frontier_black_collision,74,70,0,0,0,116,4,2,12,10
4,21,21,22,147,167962,168109,0,99,0,0,frontier_black_collision,frontier_black_collision,70,50,0,1,0,3,2,5,10,13
4,22,22,23,7808,168109,175917,99,0,0,0,frontier_black_collision,missing_black,50,77,0,0,0,119,5,5,13,13
4,23,23,24,12488,175917,188405,0,103,0,0,missing_black,frontier_black_collision,77,46,0,0,0,47,5,5,13,5
4,24,24,25,32991,188405,221396,103,16,0,0,frontier_black_collision,missing_black,46,61,0,0,0,172,5,4,5,4
4,25,25,26,215,221396,221611,16,0,0,0,missing_black,missing_black,61,77,0,1,0,5,4,3,4,11
4,26,26,27,1354,221611,222965,0,0,0,0,missing_black,frontier_black_collision,77,71,1,0,0,116,3,5,11,5
4,27,27,28,8460,222965,231425,0,102,0,0,frontier_black_collision,frontier_black_collision,71,40,0,1,0,85,5,1,5,1
4,28,28,29,7662,231425,239087,102,25,0,0,frontier_black_collision,missing_black,40,52,0,0,0,100,1,7,1,15
4,29,29,30,201,239087,239288,25,30,0,0,missing_black,missing_black,52,68,0,1,0,1,7,0,15,8
4,30,30,31,6776,239288,246064,30,24,0,0,missing_black,missing_black,68,74,0,1,0,190,0,0,8,0
4,31,31,32,18850,246064,264914,24,24,0,0,missing_black,missing_black,74,52,1,1,0,134,0,2,0,2
4,32,32,33,19588,264914,284502,24,102,0,0,missing_black,missing_black,52,79,0,1,0,149,2,6,2,6
4,33,33,34,167,284502,284669,102,24,0,0,missing_black,missing_black,79,77,0,1,0,9,6,5,6,13
4,34,34,35,2079,284669,286748,24,0,0,1,missing_black,,77,,0,,,,5,4,13,12
5,0,0,1,5213,4642,9855,0,100,0,0,missing_black,missing_black,77,48,0,1,0,16,2,7,2,15
5,1,1,2,3040,9855,12895,100,103,0,0,missing_black,missing_black,48,45,0,1,0,53,7,7,15,15
5,2,2,3,319,12895,13214,103,30,0,0,missing_black,frontier_black_collision,45,40,0,0,0,26,7,6,15,14
5,3,3,4,4727,13214,17941,30,0,0,0,frontier_black_collision,frontier_black_collision,40,71,0,1,0,56,6,5,14,5
5,4,4,5,1134,17941,19075,0,0,0,0,frontier_black_collision,missing_black,71,76,1,0,0,29,5,3,5,3
5,5,5,6,6526,19075,25601,0,0,0,0,missing_black,frontier_black_collision,76,71,1,0,0,27,3,1,3,1
5,6,6,7,1287,25601,26888,0,0,0,0,frontier_black_collision,missing_black,71,98,1,0,0,34,1,0,1,8
5,7,7,8,2730,26888,29618,0,0,0,0,missing_black,missing_black,98,98,1,1,0,58,0,2,8,2
5,8,8,9,6991,29618,36609,0,0,0,0,missing_black,missing_black,98,77,1,1,0,58,2,1,2,1
5,9,9,10,1093,36609,37702,0,100,0,0,missing_black,frontier_black_collision,77,65,0,0,0,57,1,6,1,6
5,10,10,11,5840,37702,43542,100,31,0,0,frontier_black_collision,missing_black,65,45,0,0,0,18,6,6,6,6
5,11,11,12,11052,43542,54594,31,24,0,0,missing_black,missing_black,45,74,0,1,0,69,6,2,6,2
5,12,12,13,223,54594,54817,24,103,0,0,missing_black,frontier_black_collision,74,46,0,0,0,19,2,1,2,1
5,13,13,14,4311,54817,59128,103,103,0,0,frontier_black_collision,frontier_black_collision,46,71,1,1,0,24,1,0,1,8
5,14,14,15,110,59128,59238,103,0,0,0,frontier_black_collision,missing_black,71,98,0,0,0,7,0,6,8,6
5,15,15,16,224,59238,59462,0,0,0,0,missing_black,missing_black,98,99,1,1,0,3,6,6,6,6
5,16,16,17,339,59462,59801,0,99,0,0,missing_black,frontier_black_collision,99,1533,0,0,0,69,6,1,6,9
5,17,17,18,12997,59801,72798,99,0,0,0,frontier_black_collision,frontier_black_collision,1533,45,0,1,0,125,1,6,9,14
5,18,18,19,12684,72798,85482,0,0,0,0,frontier_black_collision,frontier_black_collision,45,61,1,1,0,120,6,2,14,10
5,19,19,20,18225,85482,103707,0,0,0,0,frontier_black_collision,frontier_black_collision,61,43,1,1,0,73,2,3,10,11
5,20,20,21,6368,103707,110075,0,24,0,0,frontier_black_collision,missing_black,43,53,0,0,0,108,3,3,11,11
5,21,21,22,34434,110075,144509,24,0,0,0,missing_black,missing_black,53,77,0,1,0,70,3,5,11,13
5,22,22,23,3191,144509,147700,0,102,0,0,missing_black,missing_black,77,100,0,1,0,72,5,4,13,4
5,23,23,24,109,147700,147809,102,0,0,0,missing_black,frontier_black_collision,100,43,0,0,0,6,4,1,4,1
5,24,24,25,12921,147809,160730,0,103,0,0,frontier_black_collision,missing_black,43,45,0,0,0,181,1,2,1,10
5,25,25,26,5253,160730,165983,103,25,0,0,missing_black,frontier_black_collision,45,75,0,0,0,117,2,7,10,15
5,26,26,27,33597,165983,199580,25,0,0,0,frontier_black_collision,frontier_black_collision,75,45,0,1,0,51,7,4,15,12
5,27,27,28,1886,199580,201466,0,24,0,0,frontier_black_collision,frontier_black_collision,45,46,0,1,0,55,4,2,12,10
5,28,28,29,161,201466,201627,24,101,0,0,frontier_black_collision,frontier_black_collision,46,48,0,1,0,3,2,3,10,11
5,29,29,30,18552,201627,220179,101,0,0,0,frontier_black_collision,missing_black,48,77,0,0,0,69,3,3,11,3
5,30,30,31,1404,220179,221583,0,30,0,0,missing_black,missing_black,77,71,0,1,0,80,3,7,3,15
5,31,31,32,2131,221583,223714,30,103,0,0,missing_black,frontier_black_collision,71,46,0,0,0,30,7,2,15,2
5,32,32,33,763,223714,224477,103,30,0,0,frontier_black_collision,missing_black,46,71,0,0,0,18,2,5,2,13
5,33,33,34,21698,224477,246175,30,102,0,0,missing_black,frontier_black_collision,71,47,0,0,0,42,5,7,13,15
5,34,34,35,4403,246175,250578,102,30,0,0,frontier_black_collision,missing_black,47,68,0,0,0,6,7,2,15,2
5,35,35,36,77,250578,250655,30,0,0,0,missing_black,missing_black,68,77,0,1,0,6,2,7,2,15
5,36,36,37,557,250655,251212,0,24,0,0,missing_black,frontier_black_collision,77,47,0,0,0,29,7,4,15,12
5,37,37,38,1822,251212,253034,24,30,0,0,frontier_black_collision,missing_black,47,71,0,0,0,40,4,2,12,10
5,38,38,39,1867,253034,254901,30,0,0,0,missing_black,frontier_black_collision,71,45,0,0,0,55,2,5,10,5
5,39,39,40,2516,254901,257417,0,24,0,0,frontier_black_collision,missing_black,45,77,0,0,0,32,5,1,5,9
5,40,40,41,1298,257417,258715,24,103,0,0,missing_black,frontier_black_collision,77,46,0,0,0,19,1,3,9,11
5,41,41,42,12771,258715,271486,103,24,0,0,frontier_black_collision,missing_black,46,77,0,0,0,176,3,6,11,14
5,42,42,43,2899,271486,274385,24,0,0,0,missing_black,frontier_black_collision,77,46,0,0,0,20,6,1,14,1
5,43,43,44,1010,274385,275395,0,103,0,0,frontier_black_collision,frontier_black_collision,46,46,0,1,0,30,1,3,1,3
5,44,44,45,1044,275395,276439,103,0,0,0,frontier_black_collision,missing_black,46,76,0,0,0,42,3,7,3,7
5,45,45,46,8649,276439,285088,0,0,0,0,missing_black,missing_black,76,98,1,1,0,161,7,0,7,0
5,46,46,47,708,285088,285796,0,0,0,1,missing_black,,98,,1,,,,0,4,0,4
6,0,0,1,1764,1242,3006,0,0,0,0,frontier_black_collision,frontier_black_collision,46,45,1,1,0,27,2,6,10,14
6,1,1,2,283,3006,3289,0,0,0,0,frontier_black_collision,missing_black,45,76,1,0,0,10,6,1,14,9
6,2,2,3,988,3289,4277,0,103,0,0,missing_black,frontier_black_collision,76,44,0,0,0,6,1,5,9,5
6,3,3,4,101,4277,4378,103,0,0,0,frontier_black_collision,frontier_black_collision,44,43,0,1,0,14,5,2,5,10
6,4,4,5,14100,4378,18478,0,103,0,0,frontier_black_collision,frontier_black_collision,43,46,0,1,0,39,2,6,10,14
6,5,5,6,2250,18478,20728,103,0,0,0,frontier_black_collision,frontier_black_collision,46,71,0,1,0,29,6,0,14,8
6,6,6,7,565,20728,21293,0,24,0,0,frontier_black_collision,missing_black,71,77,0,0,0,21,0,5,8,13
6,7,7,8,79,21293,21372,24,100,0,0,missing_black,missing_black,77,80,0,1,0,10,5,4,13,12
6,8,8,9,1531,21372,22903,100,99,0,0,missing_black,frontier_black_collision,80,67,0,0,0,26,4,7,12,7
6,9,9,10,2238,22903,25141,99,0,0,0,frontier_black_collision,missing_black,67,76,0,0,0,39,7,5,7,5
6,10,10,11,100,25141,25241,0,92,0,0,missing_black,missing_black,76,89,0,1,0,3,5,1,5,9
6,11,11,12,15527,25241,40768,92,0,0,0,missing_black,frontier_black_collision,89,373,0,0,0,43,1,0,9,0
6,12,12,13,573,40768,41341,0,103,0,0,frontier_black_collision,frontier_black_collision,373,44,0,1,0,20,0,5,0,13
6,13,13,14,15677,41341,57018,103,24,0,0,frontier_black_collision,missing_black,44,52,0,0,0,95,5,2,13,10
6,14,14,15,14749,57018,71767,24,0,0,0,missing_black,frontier_black_collision,52,55,0,0,0,18,2,7,10,7
6,15,15,16,14064,71767,85831,0,0,0,0,frontier_black_collision,missing_black,55,44,1,0,0,61,7,7,7,7
6,16,16,17,8609,85831,94440,0,30,0,0,missing_black,missing_black,44,47,0,1,0,86,7,0,7,8
6,17,17,18,18013,94440,112453,30,25,0,0,missing_black,missing_black,47,52,0,1,0,118,0,5,8,5
6,18,18,19,2099,112453,114552,25,0,0,0,missing_black,frontier_black_collision,52,61,0,0,0,96,5,0,5,8
6,19,19,20,38407,114552,152959,0,103,0,0,frontier_black_collision,missing_black,61,45,0,0,0,41,0,7,8,15
6,20,20,21,12193,152959,165152,103,0,0,0,missing_black,frontier_black_collision,45,45,0,0,0,9,7,0,15,0
6,21,21,22,3919,165152,169071,0,30,0,0,frontier_black_collision,frontier_black_collision,45,40,0,1,0,86,0,7,0,15
6,22,22,23,2655,169071,171726,30,24,0,0,frontier_black_collision,missing_black,40,74,0,0,0,91,7,6,15,14
6,23,23,24,6678,171726,178404,24,25,0,0,missing_black,missing_black,74,56,0,1,0,126,6,4,14,4
6,24,24,25,2458,178404,180862,25,31,0,0,missing_black,missing_black,56,45,0,1,0,89,4,6,4,14
6,25,25,26,7836,180862,188698,31,103,0,0,missing_black,frontier_black_collision,45,46,0,0,0,139,6,2,14,10
6,26,26,27,14193,188698,202891,103,30,0,0,frontier_black_collision,missing_black,46,47,0,0,0,102,2,3,10,11
6,27,27,28,8854,202891,211745,30,103,0,0,missing_black,frontier_black_collision,47,46,0,0,0,173,3,1,11,1
6,28,28,29,8918,211745,220663,103,100,0,0,frontier_black_collision,missing_black,46,80,0,0,0,40,1,7,1,7
6,29,29,30,17192,220663,237855,100,24,0,0,missing_black,missing_black,80,77,0,1,0,171,7,7,7,15
6,30,30,31,2541,237855,240396,24,99,0,0,missing_black,frontier_black_collision,77,75,0,0,0,33,7,4,15,12
6,31,31,32,13974,240396,254370,99,24,0,0,frontier_black_collision,missing_black,75,75,0,0,0,52,4,2,12,2
6,32,32,33,14315,254370,268685,24,103,0,0,missing_black,missing_black,75,45,0,1,0,63,2,5,2,13
6,33,33,34,1187,268685,269872,103,30,0,0,missing_black,frontier_black_collision,45,41,0,0,0,45,5,0,13,0
6,34,34,35,380,269872,270252,30,102,0,0,frontier_black_collision,missing_black,41,52,0,0,0,3,0,4,0,12
6,35,35,36,5891,270252,276143,102,0,0,1,missing_black,,52,,0,,,,4,7,12,15
7,0,0,1,6748,11240,17988,0,30,0,0,missing_black,frontier_black_collision,77,40,0,0,0,79,0,4,8,4
7,1,1,2,562,17988,18550,30,0,0,0,frontier_black_collision,frontier_black_collision,40,45,0,1,0,3,4,6,4,6
7,2,2,3,5299,18550,23849,0,103,0,0,frontier_black_collision,missing_black,45,45,0,0,0,115,6,1,6,9
7,3,3,4,1011,23849,24860,103,0,0,0,missing_black,frontier_black_collision,45,165,0,0,0,17,1,4,9,12
7,4,4,5,8994,24860,33854,0,30,0,0,frontier_black_collision,missing_black,165,68,0,0,0,19,4,6,12,14
7,5,5,6,5521,33854,39375,30,103,0,0,missing_black,frontier_black_collision,68,44,0,0,0,65,6,7,14,15
7,6,6,7,3369,39375,42744,103,31,0,0,frontier_black_collision,missing_black,44,46,0,0,0,77,7,0,15,8
7,7,7,8,14970,42744,57714,31,102,0,0,missing_black,frontier_black_collision,46,45,0,0,0,7,0,2,8,2
7,8,8,9,951,57714,58665,102,16,0,0,frontier_black_collision,frontier_black_collision,45,54,0,1,0,42,2,1,2,9
7,9,9,10,9896,58665,68561,16,0,0,0,frontier_black_collision,frontier_black_collision,54,43,0,1,0,85,1,1,9,1
7,10,10,11,9312,68561,77873,0,25,0,0,frontier_black_collision,frontier_black_collision,43,46,0,1,0,85,1,1,1,1
7,11,11,12,11029,77873,88902,25,0,0,0,frontier_black_collision,missing_black,46,77,0,0,0,72,1,6,1,6
7,12,12,13,6738,88902,95640,0,0,0,0,missing_black,frontier_black_collision,77,71,1,0,0,22,6,0,6,8
7,13,13,14,8700,95640,104340,0,103,0,0,frontier_black_collision,frontier_black_collision,71,46,0,1,0,123,0,4,8,4
7,14,14,15,21796,104340,126136,103,0,0,0,frontier_black_collision,frontier_black_collision,46,45,0,1,0,31,4,0,4,8
7,15,15,16,3372,126136,129508,0,0,0,0,frontier_black_collision,frontier_black_collision,45,43,1,1,0,46,0,4,8,4
7,16,16,17,16435,129508,145943,0,103,0,0,frontier_black_collision,missing_black,43,45,0,0,0,9,4,7,4,7
7,17,17,18,7465,145943,153408,103,103,0,0,missing_black,frontier_black_collision,45,72,1,0,0,96,7,0,7,0
7,18,18,19,2699,153408,156107,103,98,0,0,frontier_black_collision,missing_black,72,82,0,0,0,1,0,3,0,11
7,19,19,20,8202,156107,164309,98,24,0,0,missing_black,frontier_black_collision,82,47,0,0,0,111,3,5,11,5
7,20,20,21,60,164309,164369,24,0,0,0,frontier_black_collision,frontier_black_collision,47,70,0,1,0,9,5,1,5,1
7,21,21,22,130,164369,164499,0,90,0,0,frontier_black_collision,frontier_black_collision,70,59,0,1,0,3,1,3,1,3
7,22,22,23,20418,164499,184917,90,30,0,0,frontier_black_collision,missing_black,59,68,0,0,0,187,3,5,3,5
7,23,23,24,755,184917,185672,30,0,0,0,missing_black,frontier_black_collision,68,43,0,0,0,48,5,0,5,8
7,24,24,25,687,185672,186359,0,103,0,0,frontier_black_collision,frontier_black_collision,43,46,0,1,0,54,0,7,8,7
7,25,25,26,6319,186359,192678,103,31,0,0,frontier_black_collision,missing_black,46,45,0,0,0,134,7,6,7,6
7,26,26,27,5510,192678,198188,31,0,0,0,missing_black,frontier_black_collision,45,45,0,0,0,96,6,4,6,12
7,27,27,28,4484,198188,202672,0,103,0,0,frontier_black_collision,frontier_black_collision,45,62,0,1,0,129,4,0,12,0
7,28,28,29,12678,202672,215350,103,30,0,0,frontier_black_collision,missing_black,62,47,0,0,0,29,0,6,0,6
7,29,29,30,18802,215350,234152,30,0,0,0,missing_black,frontier_black_collision,47,45,0,0,0,16,6,0,6,8
7,30,30,31,21460,234152,255612,0,0,0,0,frontier_black_collision,missing_black,45,98,1,0,0,83,0,4,8,12
7,31,31,32,107,255612,255719,0,0,0,0,missing_black,missing_black,98,77,1,1,0,6,4,7,12,7
7,32,32,33,16455,255719,272174,0,103,0,1,missing_black,,77,,0,,,,7,6,7,14
8,0,0,1,21491,11041,32532,103,0,0,0,missing_black,missing_black,45,76,0,1,0,76,1,4,1,4
8,1,1,2,1064,32532,33596,0,100,0,0,missing_black,missing_black,76,102,0,1,0,2,4,4,4,12
8,2,2,3,854,33596,34450,100,0,0,0,missing_black,frontier_black_collision,102,71,0,0,0,17,4,2,12,2
8,3,3,4,2473,34450,36923,0,102,0,0,frontier_black_collision,frontier_black_collision,71,47,0,1,0,55,2,3,2,11
8,4,4,5,675,36923,37598,102,0,0,0,frontier_black_collision,frontier_black_collision,47,89,0,1,0,33,3,6,11,14
8,5,5,6,6801,37598,44399,0,97,0,0,frontier_black_collision,missing_black,89,57,0,0,0,3,6,7,14,15
8,6,6,7,7945,44399,52344,97,103,0,0,missing_black,missing_black,57,45,0,1,0,49,7,0,15,8
8,7,7,8,15238,52344,67582,103,0,0,0,missing_black,missing_black,45,98,0,1,0,89,0,6,8,14
8,8,8,9,1171,67582,68753,0,0,0,0,missing_black,missing_black,98,99,1,1,0,12,6,1,14,1
8,9,9,10,1523,68753,70276,0,24,0,0,missing_black,frontier_black_collision,99,46,0,0,0,32,1,4,1,4
8,10,10,11,1561,70276,71837,24,0,0,0,frontier_black_collision,frontier_black_collision,46,45,0,1,0,84,4,5,4,13
8,11,11,12,33233,71837,105070,0,0,0,0,frontier_black_collision,frontier_black_collision,45,70,1,1,0,116,5,6,13,14
8,12,12,13,166,105070,105236,0,90,0,0,frontier_black_collision,frontier_black_collision,70,59,0,1,0,3,6,4,14,4
8,13,13,14,94,105236,105330,90,0,0,0,frontier_black_collision,missing_black,59,77,0,0,0,8,4,2,4,2
8,14,14,15,28839,105330,134169,0,103,0,0,missing_black,frontier_black_collision,77,46,0,0,0,136,2,1,2,9
8,15,15,16,2618,134169,136787,103,0,0,0,frontier_black_collision,missing_black,46,76,0,0,0,108,1,3,9,3
8,16,16,17,1027,136787,137814,0,0,0,0,missing_black,frontier_black_collision,76,71,1,0,0,72,3,6,3,6
8,17,17,18,9757,137814,147571,0,31,0,0,frontier_black_collision,missing_black,71,46,0,0,0,66,6,3,6,3
8,18,18,19,46090,147571,193661,31,103,0,0,missing_black,frontier_black_collision,46,44,0,0,0,52,3,5,3,13
8,19,19,20,19118,193661,212779,103,0,0,0,frontier_black_collision,frontier_black_collision,44,70,0,1,0,158,5,3,13,11
8,20,20,21,1054,212779,213833,0,0,0,0,frontier_black_collision,missing_black,70,76,1,0,0,8,3,1,11,9
8,21,21,22,100,213833,213933,0,92,0,0,missing_black,missing_black,76,89,0,1,0,3,1,5,9,13
8,22,22,23,11992,213933,225925,92,0,0,0,missing_black,frontier_black_collision,89,45,0,0,0,166,5,5,13,5
8,23,23,24,3335,225925,229260,0,31,0,0,frontier_black_collision,frontier_black_collision,45,58,0,1,0,162,5,4,5,12
8,24,24,25,7710,229260,236970,31,0,0,0,frontier_black_collision,missing_black,58,44,0,0,0,82,4,2,12,10
8,25,25,26,6258,236970,243228,0,0,0,0,missing_black,frontier_black_collision,44,45,1,0,0,13,2,4,10,12
8,26,26,27,14361,243228,257589,0,103,0,0,frontier_black_collision,missing_black,45,99,0,0,0,137,4,5,12,5
8,27,27,28,13525,257589,271114,103,102,0,1,missing_black,,99,,0,,,,5,2,5,10
9,0,0,1,7350,5417,12767,0,103,0,0,missing_black,missing_black,98,45,0,1,0,37,1,7,9,15
9,1,1,2,6925,12767,19692,103,31,0,0,missing_black,missing_black,45,68,0,1,0,8,7,4,15,12
9,2,2,3,5045,19692,24737,31,16,0,0,missing_black,frontier_black_collision,68,45,0,0,0,40,4,1,12,1
9,3,3,4,9555,24737,34292,16,103,0,0,frontier_black_collision,missing_black,45,99,0,0,0,59,1,4,1,4
9,4,4,5,153,34292,34445,103,0,0,0,missing_black,missing_black,99,98,0,1,0,4,4,5,4,13
9,5,5,6,112,34445,34557,0,0,0,0,missing_black,missing_black,98,99,1,1,0,3,5,5,13,13
9,6,6,7,103,34557,34660,0,99,0,0,missing_black,frontier_black_collision,99,492,0,0,0,28,5,4,13,4
9,7,7,8,2357,34660,37017,99,30,0,0,frontier_black_collision,frontier_black_collision,492,40,0,1,0,41,4,1,4,9
9,8,8,9,12169,37017,49186,30,0,0,0,frontier_black_collision,missing_black,40,98,0,0,0,75,1,2,9,2
9,9,9,10,2937,49186,52123,0,0,0,0,missing_black,frontier_black_collision,98,70,1,0,0,71,2,3,2,11
9,10,10,11,184,52123,52307,0,100,0,0,frontier_black_collision,frontier_black_collision,70,49,0,1,0,3,3,3,11,3
9,11,11,12,40406,52307,92713,100,0,0,0,frontier_black_collision,frontier_black_collision,49,45,0,1,0,48,3,1,3,9
9,12,12,13,8820,92713,101533,0,30,0,0,frontier_black_collision,frontier_black_collision,45,59,0,1,0,66,1,5,9,13
9,13,13,14,3296,101533,104829,30,0,0,0,frontier_black_collision,frontier_black_collision,59,43,0,1,0,70,5,5,13,13
9,14,14,15,20457,104829,125286,0,24,0,0,frontier_black_collision,missing_black,43,53,0,0,0,103,5,6,13,6
9,15,15,16,13562,125286,138848,24,0,0,0,missing_black,frontier_black_collision,53,45,0,0,0,106,6,0,6,0
9,16,16,17,590,138848,139438,0,31,0,0,frontier_black_collision,missing_black,45,68,0,0,0,13,0,6,0,14
9,17,17,18,2326,139438,141764,31,0,0,0,missing_black,frontier_black_collision,68,45,0,0,0,23,6,4,14,4
9,18,18,19,8187,141764,149951,0,24,0,0,frontier_black_collision,missing_black,45,74,0,0,0,144,4,7,4,15
9,19,19,20,16659,149951,166610,24,103,0,0,missing_black,missing_black,74,45,0,1,0,154,7,2,15,2
9,20,20,21,18725,166610,185335,103,0,0,0,missing_black,frontier_black_collision,45,61,0,0,0,129,2,7,2,7
9,21,21,22,23283,185335,208618,0,103,0,0,frontier_black_collision,frontier_black_collision,61,44,0,1,0,38,7,2,7,10
9,22,22,23,10407,208618,219025,103,24,0,0,frontier_black_collision,missing_black,44,53,0,0,0,124,2,1,10,1
9,23,23,24,254,219025,219279,24,102,0,0,missing_black,missing_black,53,100,0,1,0,1,1,7,1,15
9,24,24,25,33428,219279,252707,102,26,0,0,missing_black,missing_black,100,50,0,1,0,44,7,3,15,3
9,25,25,26,11029,252707,263736,26,0,0,0,missing_black,missing_black,50,99,0,1,0,108,3,0,3,8
9,26,26,27,212,263736,263948,0,0,0,0,missing_black,frontier_black_collision,99,56,1,0,0,13,0,4,8,12
9,27,27,28,5981,263948,269929,0,30,0,0,frontier_black_collision,missing_black,56,71,0,0,0,154,4,1,12,9
9,28,28,29,328,269929,270257,30,103,0,0,missing_black,missing_black,71,99,0,1,0,16,1,1,9,1
9,29,29,30,148,270257,270405,103,99,0,0,missing_black,missing_black,99,103,0,1,0,4,1,5,1,5
9,30,30,31,117,270405,270522,99,0,0,0,missing_black,missing_black,103,99,0,1,0,3,5,2,5,10
9,31,31,32,103,270522,270625,0,99,0,1,missing_black,,99,,0,,,,2,1,10,1
10,0,0,1,583,2422,3005,0,0,0,0,missing_black,frontier_black_collision,77,56,1,0,0,10,6,5,6,13
10,1,1,2,1149,3005,4154,0,0,0,0,frontier_black_collision,missing_black,56,99,1,0,0,12,5,2,13,10
10,2,2,3,838,4154,4992,0,16,0,0,missing_black,frontier_black_collision,99,45,0,0,0,24,2,0,10,0
10,3,3,4,677,4992,5669,16,103,0,0,frontier_black_collision,frontier_black_collision,45,46,0,1,0,16,0,5,0,5
10,4,4,5,4048,5669,9717,103,0,0,0,frontier_black_collision,frontier_black_collision,46,45,0,1,0,21,5,5,5,5
10,5,5,6,5476,9717,15193,0,24,0,0,frontier_black_collision,missing_black,45,74,0,0,0,29,5,1,5,9
10,6,6,7,83,15193,15276,24,0,0,0,missing_black,missing_black,74,76,0,1,0,7,1,4,9,12
10,7,7,8,107,15276,15383,0,99,0,0,missing_black,missing_black,76,82,0,1,0,3,4,7,12,7
10,8,8,9,1927,15383,17310,99,0,0,0,missing_black,missing_black,82,99,0,1,0,52,7,6,7,14
10,9,9,10,1379,17310,18689,0,100,0,0,missing_black,frontier_black_collision,99,49,0,0,0,9,6,1,14,1
10,10,10,11,1627,18689,20316,100,30,0,0,frontier_black_collision,missing_black,49,47,0,0,0,15,1,4,1,12
10,11,11,12,585,20316,20901,30,30,0,0,missing_black,missing_black,47,46,1,1,0,38,4,5,12,5
10,12,12,13,87,20901,20988,30,97,0,0,missing_black,missing_black,46,84,0,1,0,3,5,4,5,12
10,13,13,14,886,20988,21874,97,103,0,0,missing_black,frontier_black_collision,84,46,0,0,0,40,4,2,12,2
10,14,14,15,6948,21874,28822,103,0,0,0,frontier_black_collision,missing_black,46,98,0,0,0,62,2,6,2,6
10,15,15,16,4817,28822,33639,0,0,0,0,missing_black,missing_black,98,77,1,1,0,50,6,7,6,7
10,16,16,17,2464,33639,36103,0,0,0,0,missing_black,missing_black,77,77,1,1,0,94,7,7,7,7
10,17,17,18,457,36103,36560,0,0,0,0,missing_black,frontier_black_collision,77,70,1,0,0,14,7,0,7,0
10,18,18,19,130,36560,36690,0,90,0,0,frontier_black_collision,frontier_black_collision,70,59,0,1,0,3,0,2,0,2
10,19,19,20,362,36690,37052,90,0,0,0,frontier_black_collision,frontier_black_collision,59,72,0,1,0,29,2,4,2,12
10,20,20,21,8635,37052,45687,0,0,0,0,frontier_black_collision,frontier_black_collision,72,45,1,1,0,28,4,7,12,7
10,21,21,22,7263,45687,52950,0,102,0,0,frontier_black_collision,missing_black,45,100,0,0,0,14,7,6,7,6
10,22,22,23,360,52950,53310,102,30,0,0,missing_black,missing_black,100,71,0,1,0,19,6,6,6,14
10,23,23,24,1320,53310,54630,30,24,0,0,missing_black,frontier_black_collision,71,47,0,0,0,12,6,6,14,6
10,24,24,25,2318,54630,56948,24,0,0,0,frontier_black_collision,frontier_black_collision,47,46,0,1,0,21,6,4,6,4
10,25,25,26,4901,56948,61849,0,30,0,0,frontier_black_collision,frontier_black_collision,46,40,0,1,0,5,4,1,4,9
10,26,26,27,589,61849,62438,30,0,0,0,frontier_black_collision,frontier_black_collision,40,45,0,1,0,20,1,6,9,6
10,27,27,28,1019,62438,63457,0,24,0,0,frontier_black_collision,missing_black,45,53,0,0,0,17,6,1,6,1
10,28,28,29,3178,63457,66635,24,103,0,0,missing_black,frontier_black_collision,53,46,0,0,0,65,1,3,1,11
10,29,29,30,1744,66635,68379,103,103,0,0,frontier_black_collision,frontier_black_collision,46,488,1,1,0,34,3,3,11,11
10,30,30,31,14365,68379,82744,103,102,0,0,frontier_black_collision,frontier_black_collision,488,63,0,1,0,80,3,0,11,8
10,31,31,32,31436,82744,114180,102,0,0,0,frontier_black_collision,frontier_black_collision,63,43,0,1,0,50,0,4,8,4
10,32,32,33,13989,114180,128169,0,30,0,0,frontier_black_collision,missing_black,43,47,0,0,0,89,4,1,4,9
10,33,33,34,3481,128169,131650,30,0,0,0,missing_black,frontier_black_collision,47,55,0,0,0,79,1,2,9,2
10,34,34,35,590,131650,132240,0,102,0,0,frontier_black_collision,frontier_black_collision,55,47,0,1,0,32,2,0,2,0
10,35,35,36,632,132240,132872,102,0,0,0,frontier_black_collision,frontier_black_collision,47,45,0,1,0,14,0,0,0,8
10,36,36,37,26667,132872,159539,0,102,0,0,frontier_black_collision,frontier_black_collision,45,47,0,1,0,171,0,3,8,3
10,37,37,38,5875,159539,165414,102,31,0,0,frontier_black_collision,missing_black,47,67,0,0,0,93,3,6,3,6
10,38,38,39,96,165414,165510,31,31,0,0,missing_black,missing_black,67,68,1,1,0,3,6,6,6,6
10,39,39,40,3455,165510,168965,31,24,0,0,missing_black,missing_black,68,74,0,1,0,57,6,5,6,5
10,40,40,41,3489,168965,172454,24,30,0,0,missing_black,missing_black,74,71,0,1,0,38,5,6,5,6
10,41,41,42,4938,172454,177392,30,24,0,0,missing_black,missing_black,71,75,0,1,0,70,6,0,6,0
10,42,42,43,6482,177392,183874,24,103,0,0,missing_black,missing_black,75,99,0,1,0,68,0,2,0,2
10,43,43,44,2878,183874,186752,103,0,0,0,missing_black,frontier_black_collision,99,799,0,0,0,126,2,0,2,0
10,44,44,45,1854,186752,188606,0,102,0,0,frontier_black_collision,frontier_black_collision,799,45,0,1,0,14,0,6,0,14
10,45,45,46,1679,188606,190285,102,24,0,0,frontier_black_collision,frontier_black_collision,45,47,0,1,0,53,6,5,14,13
10,46,46,47,30655,190285,220940,24,30,0,0,frontier_black_collision,frontier_black_collision,47,40,0,1,0,80,5,4,13,12
10,47,47,48,25221,220940,246161,30,0,0,0,frontier_black_collision,frontier_black_collision,40,47,0,1,0,50,4,1,12,1
10,48,48,49,4074,246161,250235,0,0,0,0,frontier_black_collision,missing_black,47,77,1,0,0,72,1,3,1,11
10,49,49,50,20166,250235,270401,0,0,0,1,missing_black,,77,,1,,,,3,1,11,1
11,0,0,1,3178,5023,8201,24,31,0,0,frontier_black_collision,missing_black,95,67,0,0,0,24,7,1,15,9
11,1,1,2,870,8201,9071,31,103,0,0,missing_black,frontier_black_collision,67,46,0,0,0,35,1,7,9,15
11,2,2,3,6232,9071,15303,103,24,0,0,frontier_black_collision,frontier_black_collision,46,47,0,1,0,17,7,7,15,7
11,3,3,4,2719,15303,18022,24,103,0,0,frontier_black_collision,frontier_black_collision,47,46,0,1,0,10,7,6,7,6
11,4,4,5,1987,18022,20009,103,100,0,0,frontier_black_collision,frontier_black_collision,46,42,0,1,0,21,6,1,6,9
11,5,5,6,2699,20009,22708,100,24,0,0,frontier_black_collision,missing_black,42,77,0,0,0,32,1,4,9,4
11,6,6,7,5822,22708,28530,24,103,0,0,missing_black,missing_black,77,45,0,1,0,36,4,2,4,2
11,7,7,8,43514,28530,72044,103,24,0,0,missing_black,frontier_black_collision,45,76,0,0,0,35,2,4,2,12
11,8,8,9,21080,72044,93124,24,0,0,0,frontier_black_collision,frontier_black_collision,76,43,0,1,0,19,4,4,12,4
11,9,9,10,27199,93124,120323,0,99,0,0,frontier_black_collision,missing_black,43,49,0,0,0,47,4,3,4,3
11,10,10,11,2346,120323,122669,99,0,0,0,missing_black,frontier_black_collision,49,45,0,0,0,94,3,5,3,13
11,11,11,12,26831,122669,149500,0,0,0,0,frontier_black_collision,frontier_black_collision,45,45,1,1,0,123,5,4,13,12
11,12,12,13,16670,149500,166170,0,0,0,0,frontier_black_collision,frontier_black_collision,45,55,1,1,0,102,4,2,12,10
11,13,13,14,21355,166170,187525,0,103,0,0,frontier_black_collision,frontier_black_collision,55,46,0,1,0,54,2,5,10,5
11,14,14,15,1412,187525,188937,103,24,0,0,frontier_black_collision,missing_black,46,74,0,0,0,32,5,1,5,9
11,15,15,16,15546,188937,204483,24,24,0,0,missing_black,frontier_black_collision,74,47,1,0,0,7,1,3,9,3
11,16,16,17,275,204483,204758,24,99,0,0,frontier_black_collision,missing_black,47,81,0,0,0,1,3,6,3,6
11,17,17,18,1062,204758,205820,99,0,0,0,missing_black,frontier_black_collision,81,71,0,0,0,50,6,4,6,12
11,18,18,19,10675,205820,216495,0,30,0,0,frontier_black_collision,missing_black,71,71,0,0,0,45,4,7,12,15
11,19,19,20,2020,216495,218515,30,103,0,0,missing_black,frontier_black_collision,71,46,0,0,0,47,7,3,15,3
11,20,20,21,7254,218515,225769,103,0,0,0,frontier_black_collision,missing_black,46,44,0,0,0,148,3,1,3,9
11,21,21,22,5035,225769,230804,0,103,0,0,missing_black,missing_black,44,45,0,1,0,34,1,4,9,4
11,22,22,23,9259,230804,240063,103,0,0,0,missing_black,missing_black,45,98,0,1,0,92,4,7,4,15
11,23,23,24,28828,240063,268891,0,25,0,1,missing_black,,98,,0,,,,7,3,15,11
12,0,0,1,6037,8421,14458,16,0,0,0,missing_black,missing_black,61,98,0,1,0,32,5,2,5,10
12,1,1,2,107,14458,14565,0,0,0,0,missing_black,frontier_black_collision,98,71,1,0,0,10,2,5,10,5
12,2,2,3,8966,14565,23531,0,0,0,0,frontier_black_collision,missing_black,71,77,1,0,0,78,5,3,5,11
12,3,3,4,16636,23531,40167,0,103,0,0,missing_black,frontier_black_collision,77,46,0,0,0,85,3,7,11,7
12,4,4,5,18820,40167,58987,103,102,0,0,frontier_black_collision,frontier_black_collision,46,72,0,1,0,34,7,3,7,11
12,5,5,6,97,58987,59084,102,103,0,0,frontier_black_collision,frontier_black_collision,72,72,0,1,0,13,3,4,11,12
12,6,6,7,720,59084,59804,103,103,0,0,frontier_black_collision,frontier_black_collision,72,46,1,1,0,16,4,4,12,12
12,7,7,8,8430,59804,68234,103,103,0,0,frontier_black_collision,missing_black,46,99,1,0,0,89,4,2,12,10
12,8,8,9,3191,68234,71425,103,0,0,0,missing_black,frontier_black_collision,99,43,0,0,0,35,2,1,10,1
12,9,9,10,7463,71425,78888,0,0,0,0,frontier_black_collision,frontier_black_collision,43,45,1,1,0,79,1,0,1,8
12,10,10,11,6544,78888,85432,0,30,0,0,frontier_black_collision,missing_black,45,47,0,0,0,134,0,0,8,8
12,11,11,12,4221,85432,89653,30,103,0,0,missing_black,frontier_black_collision,47,46,0,0,0,108,0,5,8,5
12,12,12,13,20694,89653,110347,103,0,0,0,frontier_black_collision,frontier_black_collision,46,71,0,1,0,119,5,3,5,11
12,13,13,14,3095,110347,113442,0,0,0,0,frontier_black_collision,frontier_black_collision,71,45,1,1,0,73,3,2,11,2
12,14,14,15,2537,113442,115979,0,24,0,0,frontier_black_collision,missing_black,45,77,0,0,0,93,2,3,2,11
12,15,15,16,57236,115979,173215,24,0,0,0,missing_black,frontier_black_collision,77,61,0,0,0,140,3,7,11,15
12,16,16,17,1687,173215,174902,0,0,0,0,frontier_black_collision,missing_black,61,44,1,0,0,16,7,6,15,6
12,17,17,18,22603,174902,197505,0,30,0,0,missing_black,missing_black,44,71,0,1,0,86,6,1,6,1
12,18,18,19,9920,197505,207425,30,98,0,0,missing_black,frontier_black_collision,71,68,0,0,0,67,1,1,1,1
12,19,19,20,9335,207425,216760,98,0,0,0,frontier_black_collision,frontier_black_collision,68,45,0,1,0,162,1,0,1,8
12,20,20,21,2680,216760,219440,0,0,0,0,frontier_black_collision,missing_black,45,98,1,0,0,61,0,0,8,0
12,21,21,22,107,219440,219547,0,0,0,0,missing_black,missing_black,98,77,1,1,0,6,0,3,0,11
12,22,22,23,123,219547,219670,0,99,0,0,missing_black,missing_black,77,103,0,1,0,1,3,6,11,6
12,23,23,24,9381,219670,229051,99,103,0,0,missing_black,frontier_black_collision,103,72,0,0,0,144,6,3,6,11
12,24,24,25,512,229051,229563,103,103,0,0,frontier_black_collision,missing_black,72,77,1,0,0,31,3,3,11,11
12,25,25,26,18914,229563,248477,103,103,0,0,missing_black,missing_black,77,45,1,1,0,54,3,5,11,13
12,26,26,27,19366,248477,267843,103,100,0,1,missing_black,,45,,0,,,,5,3,13,3
13,0,0,1,1542,7477,9019,0,30,0,0,frontier_black_collision,missing_black,71,69,0,0,0,30,5,3,5,11
13,1,1,2,356,9019,9375,30,103,0,0,missing_black,frontier_black_collision,69,46,0,0,0,9,3,7,11,15
13,2,2,3,4352,9375,13727,103,98,0,0,frontier_black_collision,missing_black,46,82,0,0,0,40,7,7,15,15
13,3,3,4,810,13727,14537,98,24,0,0,missing_black,missing_black,82,74,0,1,0,22,7,1,15,9
13,4,4,5,279,14537,14816,24,103,0,0,missing_black,missing_black,74,78,0,1,0,25,1,0,9,0
13,5,5,6,5249,14816,20065,103,0,0,0,missing_black,missing_black,78,76,0,1,0,53,0,1,0,1
13,6,6,7,115,20065,20180,0,99,0,0,missing_black,missing_black,76,82,0,1,0,3,1,4,1,4
13,7,7,8,6435,20180,26615,99,103,0,0,missing_black,frontier_black_collision,82,44,0,0,0,63,4,7,4,7
13,8,8,9,3969,26615,30584,103,102,0,0,frontier_black_collision,frontier_black_collision,44,40,0,1,0,37,7,0,7,8
13,9,9,10,19701,30584,50285,102,31,0,0,frontier_black_collision,missing_black,40,70,0,0,0,89,0,5,8,13
13,10,10,11,16820,50285,67105,31,30,0,0,missing_black,frontier_black_collision,70,87,0,0,0,69,5,1,13,1
13,11,11,12,843,67105,67948,30,24,0,0,frontier_black_collision,frontier_black_collision,87,47,0,1,0,23,1,4,1,12
13,12,12,13,32049,67948,99997,24,0,0,0,frontier_black_collision,frontier_black_collision,47,279,0,1,0,93,4,5,12,13
13,13,13,14,1381,99997,101378,0,0,0,0,frontier_black_collision,missing_black,279,99,1,0,0,25,5,2,13,2
13,14,14,15,4651,101378,106029,0,0,0,0,missing_black,missing_black,99,98,1,1,0,60,2,5,2,13
13,15,15,16,27400,106029,133429,0,0,0,0,missing_black,frontier_black_collision,98,45,1,0,0,109,5,5,13,5
13,16,16,17,6403,133429,139832,0,99,0,0,frontier_black_collision,frontier_black_collision,45,76,0,1,0,106,5,0,5,8
13,17,17,18,8422,139832,148254,99,21,0,0,frontier_black_collision,frontier_black_collision,76,49,0,1,0,33,0,6,8,14
13,18,18,19,1339,148254,149593,21,0,0,0,frontier_black_collision,frontier_black_collision,49,43,0,1,0,17,6,1,14,9
13,19,19,20,12734,149593,162327,0,103,0,0,frontier_black_collision,frontier_black_collision,43,46,0,1,0,45,1,7,9,7
13,20,20,21,4141,162327,166468,103,0,0,0,frontier_black_collision,frontier_black_collision,46,45,0,1,0,66,7,4,7,4
13,21,21,22,14406,166468,180874,0,0,0,0,frontier_black_collision,frontier_black_collision,45,45,1,1,0,66,4,2,4,10
13,22,22,23,12491,180874,193365,0,102,0,0,frontier_black_collision,frontier_black_collision,45,47,0,1,0,89,2,5,10,5
13,23,23,24,6617,193365,199982,102,102,0,0,frontier_black_collision,frontier_black_collision,47,40,1,1,0,68,5,6,5,14
13,24,24,25,20422,199982,220404,102,30,0,0,frontier_black_collision,frontier_black_collision,40,41,0,1,0,49,6,4,14,4
13,25,25,26,4580,220404,224984,30,0,0,0,frontier_black_collision,frontier_black_collision,41,45,0,1,0,76,4,0,4,8
13,26,26,27,13634,224984,238618,0,103,0,0,frontier_black_collision,frontier_black_collision,45,62,0,1,0,131,0,2,8,10
13,27,27,28,4681,238618,243299,103,103,0,0,frontier_black_collision,frontier_black_collision,62,44,1,1,0,115,2,3,10,3
13,28,28,29,10506,243299,253805,103,25,0,0,frontier_black_collision,missing_black,44,73,0,0,0,215,3,5,3,13
13,29,29,30,583,253805,254388,25,0,0,0,missing_black,frontier_black_collision,73,45,0,0,0,13,5,4,13,4
13,30,30,31,13440,254388,267828,0,24,0,1,frontier_black_collision,,45,,0,,,,4,4,4,4
14,0,0,1,3319,1283,4602,103,0,0,0,missing_black,missing_black,99,44,0,1,0,22,3,2,3,10
14,1,1,2,371,4602,4973,0,103,0,0,missing_black,frontier_black_collision,44,46,0,0,0,9,2,5,10,13
14,2,2,3,391,4973,5364,103,0,0,0,frontier_black_collision,missing_black,46,98,0,0,0,27,5,4,13,4
14,3,3,4,2783,5364,8147,0,0,0,0,missing_black,frontier_black_collision,98,45,1,0,0,38,4,3,4,3
14,4,4,5,6030,8147,14177,0,103,0,0,frontier_black_collision,missing_black,45,45,0,0,0,36,3,1,3,1
14,5,5,6,6472,14177,20649,103,31,0,0,missing_black,missing_black,45,46,0,1,0,53,1,1,1,9
14,6,6,7,1886,20649,22535,31,24,0,0,missing_black,missing_black,46,52,0,1,0,52,1,7,9,7
14,7,7,8,4289,22535,26824,24,0,0,0,missing_black,missing_black,52,44,0,1,0,53,7,0,7,8
14,8,8,9,9140,26824,35964,0,0,0,0,missing_black,frontier_black_collision,44,45,1,0,0,17,0,4,8,12
14,9,9,10,6159,35964,42123,0,103,0,0,frontier_black_collision,frontier_black_collision,45,46,0,1,0,44,4,3,12,11
14,10,10,11,3753,42123,45876,103,0,0,0,frontier_black_collision,frontier_black_collision,46,45,0,1,0,86,3,4,11,4
14,11,11,12,6251,45876,52127,0,0,0,0,frontier_black_collision,frontier_black_collision,45,45,1,1,0,35,4,7,4,15
14,12,12,13,3309,52127,55436,0,0,0,0,frontier_black_collision,frontier_black_collision,45,45,1,1,0,25,7,4,15,12
14,13,13,14,3602,55436,59038,0,25,0,0,frontier_black_collision,frontier_black_collision,45,45,0,1,0,92,4,6,12,14
14,14,14,15,127,59038,59165,25,0,0,0,frontier_black_collision,frontier_black_collision,45,45,0,1,0,3,6,5,14,13
14,15,15,16,1824,59165,60989,0,0,0,0,frontier_black_collision,frontier_black_collision,45,45,1,1,0,124,5,5,13,13
14,16,16,17,9407,60989,70396,0,0,0,0,frontier_black_collision,frontier_black_collision,45,71,1,1,0,85,5,4,13,12
14,17,17,18,856,70396,71252,0,0,0,0,frontier_black_collision,missing_black,71,44,1,0,0,61,4,4,12,4
14,18,18,19,9300,71252,80552,0,0,0,0,missing_black,frontier_black_collision,44,71,1,0,0,95,4,0,4,8
14,19,19,20,9783,80552,90335,0,30,0,0,frontier_black_collision,missing_black,71,71,0,0,0,123,0,7,8,15
14,20,20,21,9535,90335,99870,30,103,0,0,missing_black,missing_black,71,45,0,1,0,75,7,6,15,14
14,21,21,22,4843,99870,104713,103,103,0,0,missing_black,frontier_black_collision,45,46,1,0,0,122,6,1,14,9
14,22,22,23,5017,104713,109730,103,30,0,0,frontier_black_collision,frontier_black_collision,46,45,0,1,0,54,1,2,9,2
14,23,23,24,13593,109730,123323,30,30,0,0,frontier_black_collision,frontier_black_collision,45,41,1,1,0,117,2,3,2,11
14,24,24,25,54391,123323,177714,30,102,0,0,frontier_black_collision,frontier_black_collision,41,73,0,1,0,65,3,2,11,2
14,25,25,26,7778,177714,185492,102,100,0,0,frontier_black_collision,frontier_black_collision,73,75,0,1,0,68,2,4,2,4
14,26,26,27,7548,185492,193040,100,24,0,0,frontier_black_collision,missing_black,75,75,0,0,0,34,4,0,4,0
14,27,27,28,23520,193040,216560,24,30,0,0,missing_black,missing_black,75,68,0,1,0,103,0,0,0,0
14,28,28,29,254,216560,216814,30,0,0,0,missing_black,frontier_black_collision,68,71,0,0,0,11,0,6,0,14
14,29,29,30,7776,216814,224590,0,30,0,0,frontier_black_collision,frontier_black_collision,71,40,0,1,0,97,6,6,14,14
14,30,30,31,41670,224590,266260,30,103,0,1,frontier_black_collision,,40,,0,,,,6,4,14,4
15,0,0,1,2733,4518,7251,30,102,0,0,missing_black,frontier_black_collision,47,47,0,0,0,19,6,3,6,3
15,1,1,2,753,7251,8004,102,0,0,0,frontier_black_collision,frontier_black_collision,47,70,0,1,0,14,3,4,3,4
15,2,2,3,208,8004,8212,0,100,0,0,frontier_black_collision,frontier_black_collision,70,49,0,1,0,3,4,4,4,4
15,3,3,4,6598,8212,14810,100,24,0,0,frontier_black_collision,frontier_black_collision,49,46,0,1,0,49,4,2,4,10
15,4,4,5,2178,14810,16988,24,102,0,0,frontier_black_collision,frontier_black_collision,46,47,0,1,0,3,2,4,10,12
15,5,5,6,4366,16988,21354,102,0,0,0,frontier_black_collision,frontier_black_collision,47,62,0,1,0,13,4,2,12,10
15,6,6,7,2674,21354,24028,0,16,0,0,frontier_black_collision,frontier_black_collision,62,41,0,1,0,29,2,4,10,12
15,7,7,8,8113,24028,32141,16,103,0,0,frontier_black_collision,missing_black,41,45,0,0,0,29,4,5,12,13
15,8,8,9,10276,32141,42417,103,103,0,0,missing_black,missing_black,45,45,1,1,0,104,5,1,13,1
15,9,9,10,17301,42417,59718,103,0,0,0,missing_black,missing_black,45,76,0,1,0,62,1,6,1,6
15,10,10,11,10697,59718,70415,0,103,0,0,missing_black,missing_black,76,51,0,1,0,92,6,7,6,15
15,11,11,12,1604,70415,72019,103,30,0,0,missing_black,missing_black,51,71,0,1,0,120,7,3,15,3
15,12,12,13,208,72019,72227,30,103,0,0,missing_black,frontier_black_collision,71,46,0,0,0,27,3,3,3,3
15,13,13,14,7580,72227,79807,103,30,0,0,frontier_black_collision,missing_black,46,71,0,0,0,75,3,7,3,15
15,14,14,15,5864,79807,85671,30,24,0,0,missing_black,frontier_black_collision,71,76,0,0,0,45,7,7,15,7
15,15,15,16,1987,85671,87658,24,103,0,0,frontier_black_collision,frontier_black_collision,76,46,0,1,0,45,7,2,7,10
15,16,16,17,2276,87658,89934,103,103,0,0,frontier_black_collision,missing_black,46,45,1,0,0,85,2,6,10,14
15,17,17,18,23503,89934,113437,103,31,0,0,missing_black,missing_black,45,67,0,1,0,25,6,5,14,13
15,18,18,19,2709,113437,116146,31,103,0,0,missing_black,frontier_black_collision,67,46,0,0,0,42,5,2,13,2
15,19,19,20,943,116146,117089,103,31,0,0,frontier_black_collision,frontier_black_collision,46,44,0,1,0,11,2,1,2,1
15,20,20,21,9290,117089,126379,31,0,0,0,frontier_black_collision,frontier_black_collision,44,71,0,1,0,143,1,3,1,11
15,21,21,22,29577,126379,155956,0,31,0,0,frontier_black_collision,missing_black,71,46,0,0,0,80,3,4,11,4
15,22,22,23,3723,155956,159679,31,30,0,0,missing_black,frontier_black_collision,46,40,0,0,0,21,4,7,4,15
15,23,23,24,46517,159679,206196,30,103,0,0,frontier_black_collision,frontier_black_collision,40,46,0,1,0,115,7,4,15,4
15,24,24,25,401,206196,206597,103,0,0,0,frontier_black_collision,frontier_black_collision,46,45,0,1,0,16,4,5,4,5
15,25,25,26,1581,206597,208178,0,31,0,0,frontier_black_collision,missing_black,45,68,0,0,0,56,5,2,5,2
15,26,26,27,108,208178,208286,31,31,0,0,missing_black,missing_black,68,70,1,1,0,4,2,6,2,14
15,27,27,28,15689,208286,223975,31,0,0,0,missing_black,frontier_black_collision,70,70,0,0,0,117,6,7,14,7
15,28,28,29,17855,223975,241830,0,31,0,0,frontier_black_collision,missing_black,70,46,0,0,0,169,7,6,7,6
15,29,29,30,5283,241830,247113,31,30,0,0,missing_black,missing_black,46,71,0,1,0,14,6,1,6,9
15,30,30,31,15858,247113,262971,30,0,0,0,missing_black,frontier_black_collision,71,45,0,0,0,50,1,3,9,11
15,31,31,32,2436,262971,265407,0,0,0,1,frontier_black_collision,,45,,1,,,,3,7,11,15
16,0,0,1,82,11574,11656,25,0,0,0,missing_black,frontier_black_collision,73,61,0,0,0,10,6,0,6,8
16,1,1,2,1948,11656,13604,0,0,0,0,frontier_black_collision,missing_black,61,44,1,0,0,9,0,4,8,4
16,2,2,3,26058,13604,39662,0,103,0,0,missing_black,missing_black,44,45,0,1,0,85,4,6,4,14
16,3,3,4,12146,39662,51808,103,103,0,0,missing_black,missing_black,45,45,1,1,0,16,6,0,14,0
16,4,4,5,28998,51808,80806,103,103,0,0,missing_black,missing_black,45,45,1,1,0,94,0,6,0,6
16,5,5,6,5589,80806,86395,103,0,0,0,missing_black,frontier_black_collision,45,61,0,0,0,29,6,3,6,11
16,6,6,7,15406,86395,101801,0,30,0,0,frontier_black_collision,missing_black,61,71,0,0,0,54,3,1,11,9
16,7,7,8,4444,101801,106245,30,24,0,0,missing_black,missing_black,71,74,0,1,0,127,1,5,9,5
16,8,8,9,30471,106245,136716,24,102,0,0,missing_black,frontier_black_collision,74,45,0,0,0,32,5,4,5,12
16,9,9,10,9652,136716,146368,102,31,0,0,frontier_black_collision,missing_black,45,67,0,0,0,116,4,0,12,0
16,10,10,11,20754,146368,167122,31,101,0,0,missing_black,frontier_black_collision,67,46,0,0,0,111,0,2,0,2
16,11,11,12,5846,167122,172968,101,103,0,0,frontier_black_collision,missing_black,46,99,0,0,0,55,2,0,2,8
16,12,12,13,10185,172968,183153,103,100,0,0,missing_black,frontier_black_collision,99,273,0,0,0,19,0,1,8,1
16,13,13,14,3862,183153,187015,100,0,0,0,frontier_black_collision,frontier_black_collision,273,45,0,1,0,76,1,7,1,7
16,14,14,15,39720,187015,226735,0,0,0,0,frontier_black_collision,frontier_black_collision,45,71,1,1,0,60,7,7,7,15
16,15,15,16,414,226735,227149,0,102,0,0,frontier_black_collision,frontier_black_collision,71,73,0,1,0,4,7,5,15,13
16,16,16,17,6346,227149,233495,102,0,0,0,frontier_black_collision,frontier_black_collision,73,61,0,1,0,66,5,7,13,7
16,17,17,18,864,233495,234359,0,24,0,0,frontier_black_collision,missing_black,61,74,0,0,0,3,7,7,7,7
16,18,18,19,8216,234359,242575,24,100,0,0,missing_black,missing_black,74,102,0,1,0,70,7,7,7,15
16,19,19,20,116,242575,242691,100,0,0,0,missing_black,missing_black,102,99,0,1,0,3,7,3,15,3
16,20,20,21,103,242691,242794,0,99,0,0,missing_black,frontier_black_collision,99,164,0,0,0,16,3,2,3,10
16,21,21,22,3124,242794,245918,99,0,0,0,frontier_black_collision,frontier_black_collision,164,61,0,1,0,69,2,6,10,14
16,22,22,23,955,245918,246873,0,24,0,0,frontier_black_collision,missing_black,61,53,0,0,0,27,6,1,14,9
16,23,23,24,816,246873,247689,24,0,0,0,missing_black,frontier_black_collision,53,71,0,0,0,30,1,1,9,9
16,24,24,25,8035,247689,255724,0,0,0,0,frontier_black_collision,frontier_black_collision,71,45,1,1,0,65,1,4,9,12
16,25,25,26,7243,255724,262967,0,100,0,0,frontier_black_collision,frontier_black_collision,45,49,0,1,0,141,4,7,12,7
16,26,26,27,2310,262967,265277,100,102,0,1,frontier_black_collision,,49,,0,,,,7,5,7,13
17,0,0,1,1473,31913,33386,103,0,0,0,frontier_black_collision,frontier_black_collision,47,71,0,1,0,17,1,2,9,10
17,1,1,2,21967,33386,55353,0,0,0,0,frontier_black_collision,frontier_black_collision,71,45,1,1,0,53,2,1,10,9
17,2,2,3,6797,55353,62150,0,30,0,0,frontier_black_collision,missing_black,45,71,0,0,0,47,1,6,9,6
17,3,3,4,1778,62150,63928,30,102,0,0,missing_black,frontier_black_collision,71,47,0,0,0,64,6,0,6,8
17,4,4,5,2967,63928,66895,102,30,0,0,frontier_black_collision,missing_black,47,71,0,0,0,79,0,7,8,15
17,5,5,6,75,66895,66970,30,102,0,0,missing_black,frontier_black_collision,71,47,0,0,0,11,7,2,15,10
17,6,6,7,4688,66970,71658,102,31,0,0,frontier_black_collision,frontier_black_collision,47,40,0,1,0,41,2,2,10,10
17,7,7,8,14748,71658,86406,31,102,0,0,frontier_black_collision,frontier_black_collision,40,45,0,1,0,101,2,6,10,6
17,8,8,9,5337,86406,91743,102,102,0,0,frontier_black_collision,missing_black,45,100,1,0,0,14,6,7,6,15
17,9,9,10,10015,91743,101758,102,102,0,0,missing_black,frontier_black_collision,100,73,1,0,0,76,7,6,15,14
17,10,10,11,14518,101758,116276,102,24,0,0,frontier_black_collision,missing_black,73,77,0,0,0,170,6,4,14,4
17,11,11,12,1179,116276,117455,24,0,0,0,missing_black,frontier_black_collision,77,45,0,0,0,59,4,7,4,15
17,12,12,13,6581,117455,124036,0,24,0,0,frontier_black_collision,missing_black,45,53,0,0,0,131,7,4,15,4
17,13,13,14,18235,124036,142271,24,99,0,0,missing_black,frontier_black_collision,53,76,0,0,0,20,4,7,4,15
17,14,14,15,144,142271,142415,99,103,0,0,frontier_black_collision,frontier_black_collision,76,44,0,1,0,14,7,7,15,15
17,15,15,16,1369,142415,143784,103,0,0,0,frontier_black_collision,missing_black,44,76,0,0,0,61,7,0,15,8
17,16,16,17,111,143784,143895,0,99,0,0,missing_black,frontier_black_collision,76,76,0,0,0,7,0,7,8,7
17,17,17,18,18174,143895,162069,99,30,0,0,frontier_black_collision,missing_black,76,47,0,0,0,55,7,5,7,5
17,18,18,19,14820,162069,176889,30,0,0,0,missing_black,frontier_black_collision,47,71,0,0,0,82,5,1,5,9
17,19,19,20,849,176889,177738,0,26,0,0,frontier_black_collision,frontier_black_collision,71,44,0,1,0,18,1,2,9,10
17,20,20,21,19900,177738,197638,26,30,0,0,frontier_black_collision,missing_black,44,68,0,0,0,20,2,6,10,6
17,21,21,22,32965,197638,230603,30,0,0,0,missing_black,missing_black,68,76,0,1,0,161,6,3,6,11
17,22,22,23,4140,230603,234743,0,100,0,0,missing_black,missing_black,76,81,0,1,0,3,3,7,11,7
17,23,23,24,3375,234743,238118,100,0,0,0,missing_black,missing_black,81,77,0,1,0,35,7,6,7,6
17,24,24,25,2461,238118,240579,0,0,0,0,missing_black,frontier_black_collision,77,70,1,0,0,14,6,3,6,3
17,25,25,26,130,240579,240709,0,90,0,0,frontier_black_collision,frontier_black_collision,70,59,0,1,0,3,3,5,3,5
17,26,26,27,19573,240709,260282,90,0,0,1,frontier_black_collision,,59,,0,,,,5,2,5,10
18,0,0,1,2839,18128,20967,24,0,0,0,frontier_black_collision,missing_black,46,76,0,0,0,27,0,7,0,7
18,1,1,2,140,20967,21107,0,0,0,0,missing_black,missing_black,76,77,1,1,0,3,7,3,7,3
18,2,2,3,312,21107,21419,0,0,0,0,missing_black,frontier_black_collision,77,43,1,0,0,14,3,3,3,11
18,3,3,4,9751,21419,31170,0,25,0,0,frontier_black_collision,frontier_black_collision,43,45,0,1,0,65,3,2,11,2
18,4,4,5,4230,31170,35400,25,24,0,0,frontier_black_collision,frontier_black_collision,45,76,0,1,0,31,2,0,2,8
18,5,5,6,11325,35400,46725,24,24,0,0,frontier_black_collision,frontier_black_collision,76,47,1,1,0,16,0,5,8,5
18,6,6,7,3064,46725,49789,24,0,0,0,frontier_black_collision,missing_black,47,77,0,0,0,18,5,5,5,13
18,7,7,8,2046,49789,51835,0,0,0,0,missing_black,frontier_black_collision,77,43,1,0,0,30,5,3,13,11
18,8,8,9,7085,51835,58920,0,0,0,0,frontier_black_collision,frontier_black_collision,43,45,1,1,0,47,3,0,11,8
18,9,9,10,2604,58920,61524,0,103,0,0,frontier_black_collision,frontier_black_collision,45,46,0,1,0,55,0,4,8,4
18,10,10,11,598,61524,62122,103,30,0,0,frontier_black_collision,missing_black,46,46,0,0,0,24,4,2,4,10
18,11,11,12,13199,62122,75321,30,30,0,0,missing_black,missing_black,46,47,1,1,0,76,2,1,10,9
18,12,12,13,2905,75321,78226,30,30,0,0,missing_black,missing_black,47,71,1,1,0,83,1,2,9,2
18,13,13,14,949,78226,79175,30,0,0,0,missing_black,frontier_black_collision,71,45,0,0,0,43,2,7,2,7
18,14,14,15,52027,79175,131202,0,24,0,0,frontier_black_collision,frontier_black_collision,45,51,0,1,0,23,7,2,7,2
18,15,15,16,4997,131202,136199,24,0,0,0,frontier_black_collision,frontier_black_collision,51,55,0,1,0,73,2,7,2,7
18,16,16,17,2557,136199,138756,0,0,0,0,frontier_black_collision,frontier_black_collision,55,61,1,1,0,13,7,4,7,4
18,17,17,18,272,138756,139028,0,0,0,0,frontier_black_collision,frontier_black_collision,61,45,1,1,0,10,4,4,4,4
18,18,18,19,391,139028,139419,0,30,0,0,frontier_black_collision,missing_black,45,47,0,0,0,13,4,3,4,11
18,19,19,20,26301,139419,165720,30,103,0,0,missing_black,frontier_black_collision,47,46,0,0,0,126,3,0,11,8
18,20,20,21,2185,165720,167905,103,24,0,0,frontier_black_collision,missing_black,46,74,0,0,0,59,0,1,8,1
18,21,21,22,19327,167905,187232,24,102,0,0,missing_black,frontier_black_collision,74,40,0,0,0,91,1,0,1,0
18,22,22,23,5964,187232,193196,102,30,0,0,frontier_black_collision,missing_black,40,71,0,0,0,99,0,4,0,12
18,23,23,24,457,193196,193653,30,99,0,0,missing_black,missing_black,71,82,0,1,0,8,4,5,12,5
18,24,24,25,28118,193653,221771,99,103,0,0,missing_black,frontier_black_collision,82,46,0,0,0,112,5,3,5,11
18,25,25,26,2767,221771,224538,103,30,0,0,frontier_black_collision,missing_black,46,71,0,0,0,62,3,2,11,10
18,26,26,27,121,224538,224659,30,0,0,0,missing_black,frontier_black_collision,71,43,0,0,0,9,2,3,10,3
18,27,27,28,1300,224659,225959,0,98,0,0,frontier_black_collision,frontier_black_collision,43,44,0,1,0,17,3,7,3,7
18,28,28,29,15547,225959,241506,98,0,0,0,frontier_black_collision,frontier_black_collision,44,71,0,1,0,14,7,2,7,2
18,29,29,30,1423,241506,242929,0,103,0,0,frontier_black_collision,frontier_black_collision,71,72,0,1,0,4,2,1,2,1
18,30,30,31,2168,242929,245097,103,0,0,0,frontier_black_collision,frontier_black_collision,72,45,0,1,0,19,1,1,1,9
18,31,31,32,12788,245097,257885,0,0,0,1,frontier_black_collision,,45,,1,,,,1,5,9,13
19,0,0,1,20789,1220,22009,0,24,0,0,missing_black,missing_black,77,77,0,1,0,51,4,1,4,9
19,1,1,2,3066,22009,25075,24,103,0,0,missing_black,missing_black,77,100,0,1,0,39,1,3,9,3
19,2,2,3,7947,25075,33022,103,0,0,0,missing_black,frontier_black_collision,100,71,0,0,0,24,3,6,3,14
19,3,3,4,1959,33022,34981,0,0,0,0,frontier_black_collision,missing_black,71,76,1,0,0,44,6,5,14,5
19,4,4,5,100,34981,35081,0,92,0,0,missing_black,missing_black,76,89,0,1,0,3,5,1,5,9
19,5,5,6,1366,35081,36447,92,21,0,0,missing_black,frontier_black_collision,89,49,0,0,0,66,1,7,9,15
19,6,6,7,15812,36447,52259,21,0,0,0,frontier_black_collision,frontier_black_collision,49,488,0,1,0,39,7,3,15,3
19,7,7,8,8609,52259,60868,0,0,0,0,frontier_black_collision,missing_black,488,98,1,0,0,87,3,4,3,4
19,8,8,9,107,60868,60975,0,0,0,0,missing_black,frontier_black_collision,98,61,1,0,0,10,4,7,4,15
19,9,9,10,16301,60975,77276,0,101,0,0,frontier_black_collision,frontier_black_collision,61,41,0,1,0,21,7,4,15,12
19,10,10,11,4075,77276,81351,101,25,0,0,frontier_black_collision,missing_black,41,74,0,0,0,36,4,7,12,7
19,11,11,12,4181,81351,85532,25,24,0,0,missing_black,frontier_black_collision,74,76,0,0,0,97,7,4,7,12
19,12,12,13,10306,85532,95838,24,102,0,0,frontier_black_collision,frontier_black_collision,76,73,0,1,0,27,4,6,12,14
19,13,13,14,83,95838,95921,102,25,0,0,frontier_black_collision,frontier_black_collision,73,45,0,1,0,9,6,1,14,1
19,14,14,15,750,95921,96671,25,26,0,0,frontier_black_collision,frontier_black_collision,45,45,0,1,0,16,1,7,1,15
19,15,15,16,3656,96671,100327,26,102,0,0,frontier_black_collision,frontier_black_collision,45,63,0,1,0,20,7,7,15,7
19,16,16,17,1109,100327,101436,102,0,0,0,frontier_black_collision,frontier_black_collision,63,45,0,1,0,29,7,4,7,12
19,17,17,18,800,101436,102236,0,100,0,0,frontier_black_collision,frontier_black_collision,45,75,0,1,0,6,4,4,12,12
19,18,18,19,2402,102236,104638,100,25,0,0,frontier_black_collision,missing_black,75,56,0,0,0,69,4,6,12,14
19,19,19,20,29730,104638,134368,25,0,0,0,missing_black,missing_black,56,77,0,1,0,137,6,0,14,0
19,20,20,21,24337,134368,158705,0,0,0,0,missing_black,frontier_black_collision,77,71,1,0,0,117,0,1,0,1
19,21,21,22,2838,158705,161543,0,0,0,0,frontier_black_collision,missing_black,71,44,1,0,0,31,1,7,1,7
19,22,22,23,1791,161543,163334,0,24,0,0,missing_black,missing_black,44,77,0,1,0,18,7,6,7,6
19,23,23,24,34877,163334,198211,24,103,0,0,missing_black,frontier_black_collision,77,46,0,0,0,140,6,3,6,3
19,24,24,25,3730,198211,201941,103,102,0,0,frontier_black_collision,frontier_black_collision,46,40,0,1,0,68,3,5,3,5
19,25,25,26,37092,201941,239033,102,24,0,0,frontier_black_collision,frontier_black_collision,40,46,0,1,0,142,5,1,5,9
19,26,26,27,16403,239033,255436,24,0,0,1,frontier_black_collision,,46,,0,,,,1,4,9,12
20,0,0,1,3655,347,4002,0,30,0,0,missing_black,missing_black,77,71,0,1,0,29,3,2,11,2
20,1,1,2,1571,4002,5573,30,0,0,0,missing_black,frontier_black_collision,71,89,0,0,0,37,2,5,2,5
20,2,2,3,5525,5573,11098,0,102,0,0,frontier_black_collision,missing_black,89,100,0,0,0,38,5,2,5,10
20,3,3,4,10317,11098,21415,102,0,0,0,missing_black,frontier_black_collision,100,45,0,0,0,58,2,7,10,7
20,4,4,5,4263,21415,25678,0,103,0,0,frontier_black_collision,missing_black,45,78,0,0,0,18,7,6,7,14
20,5,5,6,256,25678,25934,103,0,0,0,missing_black,missing_black,78,77,0,1,0,5,6,6,14,14
20,6,6,7,13502,25934,39436,0,102,0,0,missing_black,frontier_black_collision,77,45,0,0,0,66,6,4,14,12
20,7,7,8,3001,39436,42437,102,25,0,0,frontier_black_collision,missing_black,45,74,0,0,0,24,4,5,12,5
20,8,8,9,573,42437,43010,25,102,0,0,missing_black,frontier_black_collision,74,63,0,0,0,70,5,2,5,2
20,9,9,10,95,43010,43105,102,30,0,0,frontier_black_collision,missing_black,63,47,0,0,0,11,2,1,2,1
20,10,10,11,13560,43105,56665,30,0,0,0,missing_black,frontier_black_collision,47,45,0,0,0,94,1,1,1,9
20,11,11,12,1311,56665,57976,0,102,0,0,frontier_black_collision,frontier_black_collision,45,45,0,1,0,59,1,0,9,8
20,12,12,13,1235,57976,59211,102,0,0,0,frontier_black_collision,missing_black,45,98,0,0,0,16,0,3,8,11
20,13,13,14,23009,59211,82220,0,101,0,0,missing_black,missing_black,98,79,0,1,0,114,3,4,11,12
20,14,14,15,103,82220,82323,101,92,0,0,missing_black,missing_black,79,89,0,1,0,3,4,3,12,3
20,15,15,16,12210,82323,94533,92,0,0,0,missing_black,frontier_black_collision,89,71,0,0,0,48,3,5,3,5
20,16,16,17,15995,94533,110528,0,24,0,0,frontier_black_collision,missing_black,71,52,0,0,0,106,5,0,5,0
20,17,17,18,3282,110528,113810,24,25,0,0,missing_black,frontier_black_collision,52,64,0,0,0,24,0,2,0,2
20,18,18,19,1817,113810,115627,25,102,0,0,frontier_black_collision,missing_black,64,52,0,0,0,3,2,3,2,11
20,19,19,20,4121,115627,119748,102,31,0,0,missing_black,missing_black,52,67,0,1,0,78,3,4,11,4
20,20,20,21,3308,119748,123056,31,0,0,0,missing_black,frontier_black_collision,67,45,0,0,0,18,4,0,4,0
20,21,21,22,19570,123056,142626,0,30,0,0,frontier_black_collision,frontier_black_collision,45,45,0,1,0,116,0,2,0,2
20,22,22,23,489,142626,143115,30,0,0,0,frontier_black_collision,frontier_black_collision,45,45,0,1,0,37,2,3,2,11
20,23,23,24,17476,143115,160591,0,16,0,0,frontier_black_collision,frontier_black_collision,45,40,0,1,0,139,3,7,11,15
20,24,24,25,577,160591,161168,16,0,0,0,frontier_black_collision,frontier_black_collision,40,45,0,1,0,22,7,0,15,0
20,25,25,26,3957,161168,165125,0,0,0,0,frontier_black_collision,missing_black,45,76,1,0,0,140,0,5,0,5
20,26,26,27,128,165125,165253,0,0,0,0,missing_black,missing_black,76,77,1,1,0,3,5,5,5,5
20,27,27,28,4247,165253,169500,0,103,0,0,missing_black,frontier_black_collision,77,46,0,0,0,42,5,4,5,12
20,28,28,29,6742,169500,176242,103,24,0,0,frontier_black_collision,missing_black,46,74,0,0,0,98,4,2,12,2
20,29,29,30,2290,176242,178532,24,0,0,0,missing_black,frontier_black_collision,74,45,0,0,0,25,2,4,2,4
20,30,30,31,23161,178532,201693,0,25,0,0,frontier_black_collision,frontier_black_collision,45,45,0,1,0,147,4,5,4,13
20,31,31,32,9140,201693,210833,25,31,0,0,frontier_black_collision,missing_black,45,46,0,0,0,61,5,1,13,1
20,32,32,33,1916,210833,212749,31,0,0,0,missing_black,frontier_black_collision,46,61,0,0,0,71,1,5,1,13
20,33,33,34,12888,212749,225637,0,30,0,0,frontier_black_collision,frontier_black_collision,61,41,0,1,0,110,5,5,13,5
20,34,34,35,25443,225637,251080,30,0,0,0,frontier_black_collision,frontier_black_collision,41,43,0,1,0,143,5,0,5,8
20,35,35,36,1204,251080,252284,0,0,0,0,frontier_black_collision,frontier_black_collision,43,45,1,1,0,58,0,4,8,12
20,36,36,37,2315,252284,254599,0,0,0,0,frontier_black_collision,missing_black,45,77,1,0,0,47,4,7,12,7
20,37,37,38,572,254599,255171,0,0,0,1,missing_black,,77,,1,,,,7,3,7,3
21,0,0,1,2449,2727,5176,0,103,0,0,frontier_black_collision,missing_black,70,99,0,0,0,8,7,0,7,8
21,1,1,2,108,5176,5284,103,0,0,0,missing_black,missing_black,99,77,0,1,0,6,0,4,8,4
21,2,2,3,1639,5284,6923,0,0,0,0,missing_black,frontier_black_collision,77,61,1,0,0,35,4,3,4,11
21,3,3,4,8608,6923,15531,0,31,0,0,frontier_black_collision,missing_black,61,67,0,0,0,12,3,3,11,11
21,4,4,5,2889,15531,18420,31,30,0,0,missing_black,missing_black,67,71,0,1,0,53,3,4,11,4
21,5,5,6,1075,18420,19495,30,30,0,0,missing_black,frontier_black_collision,71,40,1,0,0,72,4,7,4,7
21,6,6,7,1943,19495,21438,30,0,0,0,frontier_black_collision,frontier_black_collision,40,71,0,1,0,12,7,6,7,14
21,7,7,8,1280,21438,22718,0,103,0,0,frontier_black_collision,frontier_black_collision,71,46,0,1,0,43,6,6,14,14
21,8,8,9,4329,22718,27047,103,0,0,0,frontier_black_collision,missing_black,46,98,0,0,0,27,6,7,14,7
21,9,9,10,8376,27047,35423,0,103,0,0,missing_black,frontier_black_collision,98,72,0,0,0,74,7,7,7,15
21,10,10,11,552,35423,35975,103,0,0,0,frontier_black_collision,missing_black,72,77,0,0,0,43,7,7,15,7
21,11,11,12,1446,35975,37421,0,103,0,0,missing_black,frontier_black_collision,77,46,0,0,0,79,7,5,7,13
21,12,12,13,1428,37421,38849,103,0,0,0,frontier_black_collision,frontier_black_collision,46,45,0,1,0,13,5,1,13,1
21,13,13,14,5168,38849,44017,0,0,0,0,frontier_black_collision,frontier_black_collision,45,57,1,1,0,24,1,1,1,1
21,14,14,15,5247,44017,49264,0,31,0,0,frontier_black_collision,missing_black,57,67,0,0,0,21,1,0,1,0
21,15,15,16,76,49264,49340,31,0,0,0,missing_black,missing_black,67,77,0,1,0,6,0,4,0,12
21,16,16,17,7579,49340,56919,0,24,0,0,missing_black,missing_black,77,53,0,1,0,23,4,7,12,7
21,17,17,18,16121,56919,73040,24,0,0,0,missing_black,frontier_black_collision,53,56,0,0,0,132,7,0,7,0
21,18,18,19,1378,73040,74418,0,103,0,0,frontier_black_collision,frontier_black_collision,56,46,0,1,0,34,0,2,0,2
21,19,19,20,9333,74418,83751,103,24,0,0,frontier_black_collision,missing_black,46,77,0,0,0,112,2,7,2,7
21,20,20,21,37149,83751,120900,24,103,0,0,missing_black,frontier_black_collision,77,46,0,0,0,112,7,4,7,4
21,21,21,22,2035,120900,122935,103,25,0,0,frontier_black_collision,missing_black,46,73,0,0,0,100,4,7,4,7
21,22,22,23,4267,122935,127202,25,103,0,0,missing_black,frontier_black_collision,73,46,0,0,0,144,7,2,7,2
21,23,23,24,3147,127202,130349,103,24,0,0,frontier_black_collision,missing_black,46,77,0,0,0,34,2,5,2,13
21,24,24,25,103,130349,130452,24,100,0,0,missing_black,frontier_black_collision,77,49,0,0,0,11,5,4,13,4
21,25,25,26,32135,130452,162587,100,24,0,0,frontier_black_collision,frontier_black_collision,49,1591,0,1,0,65,4,3,4,11
21,26,26,27,1937,162587,164524,24,30,0,0,frontier_black_collision,missing_black,1591,71,0,0,0,9,3,4,11,12
21,27,27,28,1425,164524,165949,30,0,0,0,missing_black,frontier_black_collision,71,45,0,0,0,23,4,5,12,13
21,28,28,29,4072,165949,170021,0,0,0,0,frontier_black_collision,frontier_black_collision,45,45,1,1,0,12,5,5,13,5
21,29,29,30,5321,170021,175342,0,0,0,0,frontier_black_collision,missing_black,45,99,1,0,0,23,5,6,5,14
21,30,30,31,16433,175342,191775,0,0,0,0,missing_black,missing_black,99,98,1,1,0,110,6,7,14,15
21,31,31,32,164,191775,191939,0,103,0,0,missing_black,frontier_black_collision,98,72,0,0,0,18,7,3,15,3
21,32,32,33,524,191939,192463,103,99,0,0,frontier_black_collision,frontier_black_collision,72,50,0,1,0,4,3,7,3,15
21,33,33,34,12558,192463,205021,99,0,0,0,frontier_black_collision,frontier_black_collision,50,61,0,1,0,119,7,5,15,13
21,34,34,35,18480,205021,223501,0,0,0,0,frontier_black_collision,missing_black,61,50,1,0,0,111,5,5,13,13
21,35,35,36,3760,223501,227261,0,31,0,0,missing_black,frontier_black_collision,50,40,0,0,0,82,5,5,13,13
21,36,36,37,9426,227261,236687,31,16,0,0,frontier_black_collision,missing_black,40,61,0,0,0,45,5,7,13,15
21,37,37,38,7273,236687,243960,16,0,0,0,missing_black,frontier_black_collision,61,71,0,0,0,59,7,0,15,8
21,38,38,39,11169,243960,255129,0,103,0,1,frontier_black_collision,,71,,0,,,,0,1,8,9
22,0,0,1,107,724,831,0,0,0,0,missing_black,frontier_black_collision,98,45,1,0,0,8,4,7,4,15
22,1,1,2,4379,831,5210,0,103,0,0,frontier_black_collision,missing_black,45,45,0,0,0,27,7,2,15,10
22,2,2,3,1092,5210,6302,103,103,0,0,missing_black,missing_black,45,45,1,1,0,20,2,6,10,14
22,3,3,4,1137,6302,7439,103,102,0,0,missing_black,frontier_black_collision,45,47,0,0,0,55,6,7,14,15
22,4,4,5,2373,7439,9812,102,0,0,0,frontier_black_collision,frontier_black_collision,47,45,0,1,0,37,7,4,15,4
22,5,5,6,17033,9812,26845,0,103,0,0,frontier_black_collision,frontier_black_collision,45,62,0,1,0,32,4,5,4,13
22,6,6,7,13763,26845,40608,103,30,0,0,frontier_black_collision,missing_black,62,71,0,0,0,62,5,0,13,0
22,7,7,8,1546,40608,42154,30,0,0,0,missing_black,frontier_black_collision,71,61,0,0,0,50,0,2,0,10
22,8,8,9,3573,42154,45727,0,102,0,0,frontier_black_collision,frontier_black_collision,61,47,0,1,0,33,2,7,10,15
22,9,9,10,3247,45727,48974,102,0,0,0,frontier_black_collision,frontier_black_collision,47,45,0,1,0,59,7,6,15,14
22,10,10,11,4016,48974,52990,0,103,0,0,frontier_black_collision,missing_black,45,45,0,0,0,72,6,6,14,14
22,11,11,12,1523,52990,54513,103,103,0,0,missing_black,missing_black,45,45,1,1,0,91,6,1,14,1
22,12,12,13,649,54513,55162,103,31,0,0,missing_black,missing_black,45,67,0,1,0,19,1,2,1,10
22,13,13,14,553,55162,55715,31,0,0,0,missing_black,missing_black,67,99,0,1,0,3,2,3,10,3
22,14,14,15,7205,55715,62920,0,103,0,0,missing_black,missing_black,99,45,0,1,0,115,3,0,3,8
22,15,15,16,25697,62920,88617,103,31,0,0,missing_black,missing_black,45,46,0,1,0,18,0,1,8,9
22,16,16,17,243,88617,88860,31,31,0,0,missing_black,missing_black,46,45,1,1,0,24,1,4,9,12
22,17,17,18,53241,88860,142101,31,24,0,0,missing_black,missing_black,45,74,0,1,0,18,4,5,12,5
22,18,18,19,21446,142101,163547,24,102,0,0,missing_black,missing_black,74,100,0,1,0,102,5,3,5,11
22,19,19,20,517,163547,164064,102,30,0,0,missing_black,missing_black,100,47,0,1,0,40,3,0,11,0
22,20,20,21,4741,164064,168805,30,0,0,0,missing_black,frontier_black_collision,47,89,0,0,0,27,0,5,0,5
22,21,21,22,3801,168805,172606,0,30,0,0,frontier_black_collision,missing_black,89,68,0,0,0,38,5,6,5,14
22,22,22,23,10550,172606,183156,30,0,0,0,missing_black,missing_black,68,98,0,1,0,18,6,4,14,4
22,23,23,24,25800,183156,208956,0,103,0,0,missing_black,frontier_black_collision,98,46,0,0,0,172,4,4,4,12
22,24,24,25,917,208956,209873,103,0,0,0,frontier_black_collision,missing_black,46,99,0,0,0,6,4,1,12,1
22,25,25,26,18878,209873,228751,0,31,0,0,missing_black,missing_black,99,70,0,1,0,143,1,7,1,15
22,26,26,27,3029,228751,231780,31,30,0,0,missing_black,missing_black,70,68,0,1,0,31,7,4,15,4
22,27,27,28,20213,231780,251993,30,30,0,0,missing_black,missing_black,68,71,1,1,0,58,4,1,4,9
22,28,28,29,79,251993,252072,30,97,0,1,missing_black,,71,,0,,,,1,0,9,8
23,0,0,1,5917,12101,18018,102,25,0,0,frontier_black_collision,frontier_black_collision,47,45,0,1,0,81,5,2,5,2
23,1,1,2,4551,18018,22569,25,30,0,0,frontier_black_collision,missing_black,45,47,0,0,0,19,2,1,2,9
23,2,2,3,4132,22569,26701,30,31,0,0,missing_black,missing_black,47,67,0,1,0,66,1,5,9,13
23,3,3,4,76,26701,26777,31,0,0,0,missing_black,missing_black,67,77,0,1,0,6,5,1,13,9
23,4,4,5,9473,26777,36250,0,30,0,0,missing_black,missing_black,77,69,0,1,0,47,1,2,9,10
23,5,5,6,260,36250,36510,30,30,0,0,missing_black,missing_black,69,71,1,1,0,4,2,6,10,14
23,6,6,7,3292,36510,39802,30,0,0,0,missing_black,frontier_black_collision,71,70,0,0,0,83,6,2,14,10
23,7,7,8,200,39802,40002,0,100,0,0,frontier_black_collision,frontier_black_collision,70,49,0,1,0,3,2,2,10,2
23,8,8,9,13476,40002,53478,100,103,0,0,frontier_black_collision,missing_black,49,45,0,0,0,78,2,6,2,6
23,9,9,10,6952,53478,60430,103,0,0,0,missing_black,frontier_black_collision,45,61,0,0,0,52,6,6,6,14
23,10,10,11,8889,60430,69319,0,0,0,0,frontier_black_collision,frontier_black_collision,61,61,1,1,0,79,6,7,14,7
23,11,11,12,23629,69319,92948,0,25,0,0,frontier_black_collision,missing_black,61,76,0,0,0,90,7,4,7,4
23,12,12,13,3134,92948,96082,25,0,0,0,missing_black,frontier_black_collision,76,70,0,0,0,86,4,2,4,2
23,13,13,14,425,96082,96507,0,0,0,0,frontier_black_collision,frontier_black_collision,70,45,1,1,0,30,2,3,2,11
23,14,14,15,1155,96507,97662,0,100,0,0,frontier_black_collision,frontier_black_collision,45,49,0,1,0,33,3,6,11,14
23,15,15,16,1588,97662,99250,100,0,0,0,frontier_black_collision,frontier_black_collision,49,70,0,1,0,17,6,2,14,2
23,16,16,17,182,99250,99432,0,90,0,0,frontier_black_collision,frontier_black_collision,70,59,0,1,0,3,2,0,2,8
23,17,17,18,9686,99432,109118,90,31,0,0,frontier_black_collision,missing_black,59,70,0,0,0,109,0,6,8,14
23,18,18,19,13680,109118,122798,31,24,0,0,missing_black,frontier_black_collision,70,46,0,0,0,98,6,6,14,14
23,19,19,20,85,122798,122883,24,0,0,0,frontier_black_collision,missing_black,46,98,0,0,0,7,6,3,14,3
23,20,20,21,19262,122883,142145,0,31,0,0,missing_black,frontier_black_collision,98,44,0,0,0,68,3,1,3,1
23,21,21,22,2474,142145,144619,31,0,0,0,frontier_black_collision,frontier_black_collision,44,45,0,1,0,31,1,3,1,11
23,22,22,23,478,144619,145097,0,99,0,0,frontier_black_collision,frontier_black_collision,45,50,0,1,0,49,3,1,11,9
23,23,23,24,11750,145097,156847,99,103,0,0,frontier_black_collision,frontier_black_collision,50,46,0,1,0,110,1,7,9,15
23,24,24,25,20637,156847,177484,103,97,0,0,frontier_black_collision,frontier_black_collision,46,78,0,1,0,3,7,4,15,12
23,25,25,26,6138,177484,183622,97,103,0,0,frontier_black_collision,missing_black,78,45,0,0,0,173,4,6,12,6
23,26,26,27,1291,183622,184913,103,103,0,0,missing_black,frontier_black_collision,45,44,1,0,0,116,6,1,6,1
23,27,27,28,11614,184913,196527,103,0,0,0,frontier_black_collision,missing_black,44,77,0,0,0,43,1,7,1,15
23,28,28,29,16753,196527,213280,0,0,0,0,missing_black,frontier_black_collision,77,43,1,0,0,117,7,0,15,0
23,29,29,30,38573,213280,251853,0,24,0,1,frontier_black_collision,,43,,0,,,,0,5,0,13
